transaction_id,order_id,customer_id,customer_age,gender,signup_date,last_login,country,city,latitude,longitude,channel,payment_method,currency,product_category,product_id,quantity,unit_price,discount_rate,shipping_cost,order_date,ship_date,returned,satisfaction_score,promo_code,is_vip,loyalty_points,notes,delivery_days,duplicate_flag
TXN-300715,ORD-200715,CUST-100715,34.0,Male,2025-01-06,2025-11-07 04:00:00,Ethiopia,Addis Ababa,8.9806,38.7578,Online,MPesa,KES,Beauty,PRD-8067,1,505.58,0.415,544.27,2025-11-15,2025-11-24,False,4,NONE,False,8,Customer called support,9.0,False
TXN-300605,ORD-200605,CUST-100605,43.0,Male,2025-05-01,2025-06-14 15:00:00,Kenya,Kisumu,-0.102206,34.761711,Online,MPesa,KES,Clothing,PRD-4204,4,1886.1,0.0,1174.77,2025-06-18,2025-06-24,False,3,NONE,False,87,Bulk purchase,6.0,False
TXN-300120,ORD-200120,CUST-100120,27.0,Male,2024-01-08,2024-07-23 17:00:00,Tanzania,Dar es Salaam,-6.7924,39.2083,Online,,KES,Groceries,PRD-8799,4,338.23,0.152,1122.75,2024-07-31,2024-08-10,False,4,LOYAL5,False,23,VIP customer,10.0,False
TXN-300208,ORD-200208,CUST-100208,65.0,Prefer not to say,2024-07-14,2025-03-02 18:00:00,Kenya,Mombasa,-4.043477,39.668206,Online,MPesa,KES,Electronics,PRD-5391,1,20016.87,0.205,396.51,2025-03-11,2025-03-13,False,4,WELCOME10,False,163,Customer called support,2.0,False
TXN-300380,ORD-200380,CUST-100380,48.0,Prefer not to say,2025-07-02,2025-10-08 22:00:00,Uganda,Entebbe,0.0487,32.4435,In-Store,MPesa,KES,Groceries,PRD-2101,2,344.16,0.247,1535.04,2025-10-18,2025-10-25,False,4,BUNDLE15,False,21,First-time buyer,7.0,False
TXN-300817,ORD-200817,CUST-100817,60.0,Female,2025-03-02,2025-04-01 18:00:00,Kenya,Nakuru,-0.303099,36.080025,Online,MPesa,KES,Electronics,PRD-4810,2,6740.31,0.359,1218.31,2025-03-25,2025-03-27,False,5,WELCOME10,False,99,Bulk purchase,2.0,False
TXN-300575,ORD-200575,CUST-100575,56.0,Male,2025-01-01,2025-03-12 14:00:00,Kenya,Nairobi,-1.286389,36.817223,In-Store,MPesa,KES,Groceries,PRD-7665,3,370.3,0.091,0.0,2025-03-16,2025-03-24,False,4,WELCOME10,True,10,No special notes,8.0,False
TXN-300266,ORD-200266,CUST-100266,41.0,Female,2025-06-30,2025-11-30 02:00:00,Uganda,Kampala,0.347596,32.58252,Online,MPesa,KES,Home,PRD-8696,1,1930.04,0.073,1030.78,2025-11-28,2025-12-05,False,4,NONE,True,28,Customer called support,7.0,False
TXN-300557,ORD-200557,CUST-100557,46.0,Male,2022-10-20,2023-05-03 08:00:00,Kenya,Eldoret,0.52036,35.269779,Online,PayPal,KES,Electronics,PRD-1160,1,11865.57,0.145,1256.12,2023-04-28,2023-05-03,False,4,LOYAL5,False,114,Used promo code,5.0,False
TXN-300826,ORD-200826,CUST-100826,54.0,Female,2025-04-16,2025-09-23 15:00:00,Tanzania,Mwanza,-2.5164,32.9179,In-Store,,KES,Beauty,PRD-9289,3,733.03,0.26,188.44,2025-09-19,2025-09-21,False,4,WELCOME10,False,18,Requested gift wrap,2.0,False
TXN-300580,ORD-200580,CUST-100580,62.0,Male,2024-01-13,2024-03-12 14:00:00,Ethiopia,Addis Ababa,8.9806,38.7578,Online,Cash,KES,Home,PRD-7782,3,1526.2,0.292,1147.5,2024-03-22,2024-03-27,False,4,NONE,True,44,Customer called support,5.0,False
TXN-300327,ORD-200327,CUST-100327,32.0,Female,2023-08-22,2024-08-01 06:00:00,Uganda,Kampala,0.347596,32.58252,Online,Credit Card,KES,Clothing,PRD-3685,1,1539.69,0.192,641.14,2024-08-03,2024-08-08,False,4,FLASH20,False,19,No special notes,5.0,False
TXN-300623,ORD-200623,CUST-100623,54.0,Male,2023-04-06,2023-12-04 09:00:00,Tanzania,Arusha,-3.3869,36.6829,In-Store,MPesa,KES,Home,PRD-5880,1,416.83,0.106,0.0,2023-12-12,2023-12-14,False,4,NONE,False,4,First-time buyer,2.0,False
TXN-300365,ORD-200365,CUST-100365,46.0,Male,2025-05-13,2025-08-18 23:00:00,Tanzania,Arusha,-3.3869,36.6829,Online,Credit Card,KES,Home,PRD-6888,3,2829.98,0.114,565.44,2025-08-14,2025-08-23,False,5,NONE,False,81,Customer called support,9.0,False
TXN-300765,ORD-200765,CUST-100765,61.0,Male,2024-07-30,2024-08-30 20:00:00,Kenya,Nairobi,-1.286389,36.817223,Online,Credit Card,KES,Groceries,PRD-7992,2,224.56,0.158,507.66,2024-09-07,2024-09-07,False,4,NONE,False,9,Delayed shipment,0.0,False
TXN-300198,ORD-200198,CUST-100198,35.0,Female,2023-02-10,2023-09-18 12:00:00,Uganda,Gulu,2.7746,32.2989,In-Store,MPesa,KES,Clothing,PRD-2750,1,1296.68,0.174,1218.74,2023-09-11,2023-09-15,False,5,WELCOME10,False,23,No special notes,4.0,False
TXN-300456,ORD-200456,CUST-100456,22.0,Female,2024-02-15,2024-10-18 10:00:00,Tanzania,Arusha,-3.3869,36.6829,In-Store,Credit Card,KES,Electronics,PRD-9134,3,15465.46,0.0,1670.4,2024-10-14,2024-10-24,False,4,NONE,False,481,No special notes,10.0,False
TXN-300465,ORD-200465,CUST-100465,59.0,Female,2023-02-09,2023-07-01 05:00:00,Ethiopia,Adama,8.5406,39.27,Online,MPesa,KES,Home,PRD-8657,1,1616.15,0.063,501.35,2023-07-09,2023-07-18,False,4,NONE,False,20,Used promo code,9.0,False
TXN-300311,ORD-200311,CUST-100311,23.0,Female,2023-06-04,2024-01-03 09:00:00,Tanzania,Dar es Salaam,-6.7924,39.2083,Online,Credit Card,KES,Health,PRD-2497,3,1218.01,0.0,554.93,2024-01-05,2024-01-07,False,4,NONE,False,42,First-time buyer,2.0,False
TXN-300331,ORD-200331,CUST-100331,38.0,Male,2022-07-08,2023-06-01 19:00:00,Kenya,Nakuru,-0.303099,36.080025,Online,MPesa,USD,Electronics,PRD-7906,1,98.05,0.075,6.94,2023-06-03,2023-06-13,False,4,FLASH20,False,127,First-time buyer,10.0,False
TXN-300393,ORD-200393,CUST-100393,44.0,Male,2024-02-13,2025-01-06 05:00:00,Rwanda,Butare,-2.598,29.7396,Online,MPesa,KES,Home,PRD-2300,1,3973.89,0.226,1463.25,2025-01-08,2025-01-12,False,5,LOYAL5,False,45,First-time buyer,4.0,False
TXN-300634,ORD-200634,CUST-100634,59.0,Female,2022-08-02,2023-02-26 00:00:00,Rwanda,Butare,-2.598,29.7396,Online,MPesa,KES,Clothing,PRD-7300,3,1151.04,0.067,1163.39,2023-02-17,2023-02-18,False,4,FLASH20,False,44,Used promo code,1.0,False
TXN-300789,ORD-200789,CUST-100789,35.0,Male,2025-06-30,2025-10-19 19:00:00,Kenya,Nakuru,-0.303099,36.080025,In-Store,Credit Card,KES,Beauty,PRD-6973,1,1289.28,0.057,0.0,2025-10-17,2025-10-27,True,2,FLASH20,False,12,Used promo code,10.0,False
TXN-300744,ORD-200744,CUST-100744,,Female,2023-05-24,2023-11-13 21:00:00,Kenya,Kisumu,-0.102206,34.761711,Online,MPesa,KES,Clothing,PRD-9928,1,1466.81,0.248,828.84,2023-11-14,2023-11-14,False,4,LOYAL5,False,19,Requested gift wrap,0.0,False
TXN-300091,ORD-200091,CUST-100091,46.0,Female,2023-08-27,2024-02-05 05:00:00,Kenya,Eldoret,0.52036,35.269779,Online,Credit Card,KES,Groceries,PRD-1876,4,468.21,0.105,1190.48,2024-02-11,2024-02-12,False,4,FLASH20,False,29,Used promo code,1.0,True
TXN-300137,ORD-200137,CUST-100137,18.0,Non-binary,2023-09-28,2024-07-12 21:00:00,Tanzania,Mwanza,-2.5164,32.9179,In-Store,MPesa,KES,Groceries,PRD-9705,2,360.92,0.215,0.0,2024-07-17,2024-07-21,False,2,LOYAL5,False,6,Bulk purchase,4.0,False
TXN-300810,ORD-200810,CUST-100810,44.0,Male,2024-10-14,2025-03-11 15:00:00,Kenya,Nakuru,-0.303099,36.080025,Online,Credit Card,USD,Home,PRD-4198,4,29.64,0.032,4.47,2025-03-04,2025-03-13,False,3,WELCOME10,False,155,Bulk purchase,9.0,False
TXN-300440,ORD-200440,CUST-100440,67.0,Male,2022-07-23,2023-06-22 13:00:00,Uganda,Gulu,2.7746,32.2989,Online,MPesa,KES,Home,PRD-7807,1,2200.88,0.0,1146.05,2023-06-19,2023-06-19,False,3,LOYAL5,False,33,No special notes,0.0,False
TXN-300094,ORD-200094,CUST-100094,18.0,Female,2024-10-13,2024-11-13 13:00:00,Kenya,Nakuru,-0.303099,36.080025,In-Store,MPesa,KES,Clothing,PRD-8439,1,2125.05,0.061,0.0,2024-11-14,2024-11-24,False,3,FLASH20,False,20,Bulk purchase,10.0,True
TXN-300432,ORD-200432,CUST-100432,26.0,Male,2022-11-06,2023-08-14 05:00:00,Kenya,Mombasa,-4.043477,39.668206,In-Store,Credit Card,KES,Electronics,PRD-3823,2,19382.14,0.28,0.0,2023-08-23,2023-09-01,False,4,WELCOME10,False,279,First-time buyer,9.0,False
TXN-300296,ORD-200296,CUST-100296,21.0,Male,2024-01-23,2024-09-11 04:00:00,Rwanda,Butare,-2.598,29.7396,Online,MPesa,KES,Groceries,PRD-5930,2,255.54,0.279,202.06,2024-09-04,2024-09-14,False,4,NONE,False,6,Delayed shipment,10.0,False
TXN-300521,ORD-200521,CUST-100521,44.0,Female,2022-09-18,2023-05-28 15:00:00,Kenya,Eldoret,0.52036,35.269779,Online,Cash,USD,Beauty,PRD-5604,3,7.09,0.435,8.19,2023-05-26,2023-05-28,False,4,NONE,False,26,Delayed shipment,2.0,False
TXN-300675,ORD-200675,CUST-100675,69.0,Male,2022-10-03,2023-04-22 23:00:00,Uganda,Kampala,0.347596,32.58252,In-Store,PayPal,KES,Electronics,PRD-4727,3,15977.16,0.047,0.0,2023-04-21,2023-04-30,False,4,BUNDLE15,False,457,Requested gift wrap,9.0,False
TXN-300292,ORD-200292,CUST-100292,56.0,Female,2024-09-08,2024-11-02 07:00:00,Kenya,Kisumu,-0.102206,34.761711,Online,PayPal,KES,Electronics,PRD-2290,2,25164.59,0.011,261.25,2024-11-12,2024-11-15,False,5,BUNDLE15,False,500,Used promo code,3.0,False
TXN-300136,ORD-200136,CUST-100136,18.0,Male,2023-06-02,2024-03-11 23:00:00,Kenya,Eldoret,0.52036,35.269779,In-Store,MPesa,USD,Groceries,PRD-3871,2,1.74,0.209,0.0,2024-03-17,2024-03-19,False,5,NONE,False,4,No special notes,2.0,False
TXN-300528,ORD-200528,CUST-100528,27.0,Male,2024-10-01,2024-11-15 23:00:00,Tanzania,Dar es Salaam,-6.7924,39.2083,Online,Credit Card,USD,Beauty,PRD-9518,2,3.95,0.143,6.73,2024-11-19,2024-11-19,False,4,FLASH20,False,18,Used promo code,0.0,False
TXN-300658,ORD-200658,CUST-100658,53.0,Male,2023-09-14,2023-12-28 18:00:00,Rwanda,Butare,-2.598,29.7396,In-Store,,KES,Home,PRD-5206,1,1896.11,0.0,0.0,2023-12-29,2024-01-08,False,5,NONE,False,19,No special notes,10.0,False
TXN-300096,ORD-200096,CUST-100096,47.0,Prefer not to say,2025-07-20,2025-08-21 23:00:00,Kenya,Mombasa,-4.043477,39.668206,In-Store,MPesa,KES,Electronics,PRD-8373,1,11311.67,0.174,1109.4,2025-08-18,2025-08-23,False,4,FLASH20,False,105,Bulk purchase,5.0,False
TXN-300290,ORD-200290,CUST-100290,62.0,Female,2024-03-11,2024-07-21 20:00:00,Ethiopia,Addis Ababa,8.9806,38.7578,In-Store,MPesa,KES,Home,PRD-6745,1,1202.01,0.413,0.0,2024-07-23,2024-07-24,False,4,NONE,False,7,Bulk purchase,1.0,False
TXN-300693,ORD-200693,CUST-100693,52.0,Male,2025-02-02,2025-04-09 06:00:00,Tanzania,Arusha,-3.3869,36.6829,Online,MPesa,KES,Beauty,PRD-2328,1,2127.85,0.458,622.77,2025-04-02,2025-04-06,False,5,NONE,False,18,Bulk purchase,4.0,False
TXN-300039,ORD-200039,CUST-100039,46.0,Female,2023-11-18,2024-07-19 20:00:00,Rwanda,Butare,-2.598,29.7396,Online,MPesa,KES,Groceries,PRD-5607,2,356.16,0.191,884.62,2024-07-18,,False,4,WELCOME10,False,15,Delayed shipment,,False
TXN-300067,ORD-200067,CUST-100067,19.0,Female,2022-07-12,2023-07-06 18:00:00,Rwanda,Kigali,-1.9441,30.0619,In-Store,MPesa,KES,Groceries,PRD-3435,3,308.78,0.167,0.0,2023-07-07,2023-07-15,False,4,NONE,False,8,Bulk purchase,8.0,False
TXN-300838,ORD-200838,CUST-100838,27.0,Male,2025-07-13,2025-11-17 17:00:00,Uganda,Entebbe,0.0487,32.4435,Online,PayPal,KES,Clothing,PRD-3059,1,1833.08,0.039,1767.6,2025-11-18,2025-11-26,False,4,NONE,False,35,No special notes,8.0,False
TXN-300328,ORD-200328,CUST-100328,64.0,Female,2024-12-08,2025-03-07 09:00:00,Rwanda,Butare,-2.598,29.7396,Online,MPesa,KES,Groceries,PRD-1027,3,328.14,0.183,752.71,2025-02-28,2025-03-06,False,5,WELCOME10,False,16,Delayed shipment,6.0,False
TXN-300265,ORD-200265,CUST-100265,58.0,Female,2023-03-01,2023-09-10 04:00:00,Rwanda,Butare,-2.598,29.7396,Online,MPesa,KES,Health,PRD-6679,5,755.79,0.42,1422.08,2023-09-03,2023-09-13,False,4,BUNDLE15,False,36,No special notes,10.0,False
TXN-300030,ORD-200030,CUST-100030,57.0,Female,2022-03-09,2023-01-19 04:00:00,Kenya,Nakuru,-0.303099,36.080025,Online,MPesa,KES,Health,PRD-4205,3,711.26,0.341,1425.97,2023-01-21,2023-01-31,False,5,NONE,False,28,Bulk purchase,10.0,False
TXN-300360,ORD-200360,CUST-100360,42.0,Prefer not to say,2024-11-07,2025-06-12 11:00:00,Kenya,Eldoret,0.52036,35.269779,Online,Bank Transfer,USD,Clothing,PRD-5626,1,6.87,0.341,6.01,2025-06-14,2025-06-21,False,4,NONE,False,14,Requested gift wrap,7.0,False
TXN-300848,ORD-200848,CUST-100848,24.0,Female,2024-06-24,2024-10-26 03:00:00,Uganda,Gulu,2.7746,32.2989,In-Store,MPesa,KES,Groceries,PRD-1269,1,303.84,0.154,187.13,2024-10-22,2024-10-28,False,5,WELCOME10,False,4,Delayed shipment,6.0,False
TXN-300665,ORD-200665,CUST-100665,45.0,Male,2025-04-08,2025-11-24 11:00:00,Kenya,Nairobi,-1.286389,36.817223,In-Store,MPesa,KES,Electronics,PRD-6066,1,23322.04,0.14,0.0,2025-11-28,2025-12-03,False,4,WELCOME10,False,201,Requested gift wrap,5.0,False
TXN-300761,ORD-200761,CUST-100761,30.0,Male,2025-04-14,2025-12-02 18:00:00,Uganda,Kampala,0.347596,32.58252,Online,Bank Transfer,KES,Groceries,PRD-5427,3,366.08,0.0,246.53,2025-12-01,,False,5,,False,13,First-time buyer,,False
TXN-300640,ORD-200640,CUST-100640,64.0,Male,2024-02-18,2024-12-24 14:00:00,Ethiopia,Adama,8.5406,39.27,Online,MPesa,KES,Groceries,PRD-6599,5,155.25,0.256,1250.95,2024-12-19,2024-12-21,False,4,NONE,False,18,Delayed shipment,2.0,False
TXN-300306,ORD-200306,CUST-100306,69.0,Female,2025-04-09,2025-05-13 21:00:00,Ethiopia,Adama,8.5406,39.27,Online,Credit Card,KES,Beauty,PRD-4740,1,679.56,0.196,1890.0,2025-05-16,,False,5,NONE,False,24,Requested gift wrap,,False
TXN-300350,ORD-200350,CUST-100350,68.0,Female,2024-08-17,2025-01-21 17:00:00,Kenya,Eldoret,0.52036,35.269779,In-Store,MPesa,USD,Home,PRD-6021,1,21.79,0.224,0.0,2025-01-31,2025-02-09,True,2,NONE,False,22,Delayed shipment,9.0,False
TXN-300499,ORD-200499,CUST-100499,39.0,Male,2022-12-06,2023-01-31 16:00:00,Kenya,Nakuru,-0.303099,36.080025,Online,Credit Card,USD,Home,PRD-2956,1,38.4,0.236,8.23,2023-02-10,2023-02-10,False,5,NONE,False,49,Bulk purchase,0.0,False
TXN-300601,ORD-200601,CUST-100601,36.0,Male,2022-08-29,2023-04-25 04:00:00,Kenya,Kisumu,-0.102206,34.761711,Online,Credit Card,USD,Beauty,PRD-4435,3,11.33,0.256,6.13,2023-04-21,2023-04-25,False,4,FLASH20,False,41,VIP customer,4.0,False
TXN-300442,ORD-200442,CUST-100442,43.0,Male,2024-08-06,2025-03-07 03:00:00,Uganda,Gulu,2.7746,32.2989,In-Store,Cash,KES,Groceries,PRD-5838,3,337.06,0.114,0.0,2025-03-05,2025-03-15,False,4,NONE,False,9,Bulk purchase,10.0,False
TXN-300569,ORD-200569,CUST-100569,66.0,Female,2023-08-15,2024-07-28 20:00:00,Kenya,Nakuru,-0.303099,36.080025,In-Store,MPesa,KES,Groceries,PRD-9511,2,270.68,0.35,1405.54,2024-07-31,2024-08-03,False,5,LOYAL5,False,18,Used promo code,3.0,False
TXN-300174,ORD-200174,CUST-100174,61.0,Female,2024-04-03,2024-10-08 05:00:00,Kenya,Eldoret,0.52036,35.269779,In-Store,MPesa,KES,Groceries,PRD-1572,4,343.93,0.319,0.0,2024-10-02,2024-10-05,False,5,NONE,True,9,First-time buyer,3.0,False
TXN-300244,ORD-200244,CUST-100244,25.0,Female,2024-01-25,2024-05-03 14:00:00,Kenya,Kisumu,-0.102206,34.761711,In-Store,MPesa,KES,Clothing,PRD-2321,3,1503.15,0.141,0.0,2024-05-11,2024-05-17,False,5,LOYAL5,False,39,Delayed shipment,6.0,False
TXN-300023,ORD-200023,CUST-100023,27.0,Male,2023-06-22,2023-07-15 12:00:00,Uganda,Kampala,0.347596,32.58252,Online,MPesa,USD,Clothing,PRD-2525,4,17.9,0.203,2.53,2023-07-09,2023-07-09,False,5,FLASH20,False,77,Delayed shipment,0.0,False
TXN-300260,ORD-200260,CUST-100260,38.0,Female,2025-01-04,2025-04-23 15:00:00,Ethiopia,Adama,8.5406,39.27,In-Store,MPesa,KES,Home,PRD-8655,3,3096.58,0.222,0.0,2025-05-03,2025-05-08,False,5,NONE,False,72,No special notes,5.0,False
TXN-300643,ORD-200643,CUST-100643,64.0,Prefer not to say,2022-03-06,2023-02-19 08:00:00,Uganda,Kampala,0.347596,32.58252,In-Store,MPesa,KES,Beauty,PRD-7640,2,1159.87,0.213,0.0,2023-02-25,2023-03-06,False,2,FLASH20,False,18,Requested gift wrap,9.0,False
TXN-300394,ORD-200394,CUST-100394,44.0,Male,2025-01-26,2025-09-09 09:00:00,Uganda,Kampala,0.347596,32.58252,Online,MPesa,KES,Clothing,PRD-2947,2,2941.81,0.373,1350.13,2025-09-04,2025-09-10,False,4,LOYAL5,False,50,First-time buyer,6.0,False
TXN-300066,ORD-200066,CUST-100066,41.0,Male,2024-05-11,2025-01-31 08:00:00,Uganda,Entebbe,0.0487,32.4435,Online,MPesa,KES,Clothing,PRD-3596,1,1862.07,0.237,858.95,2025-02-02,2025-02-04,True,5,WELCOME10,True,23,Bulk purchase,2.0,False
TXN-300168,ORD-200168,CUST-100168,30.0,Male,2024-10-03,2025-05-13 20:00:00,Uganda,Gulu,2.7746,32.2989,Online,MPesa,KES,Clothing,PRD-3157,2,1147.35,0.283,569.52,2025-05-13,2025-05-15,True,4,BUNDLE15,False,22,VIP customer,2.0,False
TXN-300788,ORD-200788,CUST-100788,38.0,Male,2024-02-17,2024-07-06 00:00:00,Tanzania,Dar es Salaam,-6.7924,39.2083,Online,Credit Card,KES,Electronics,PRD-9514,3,16680.25,0.263,243.39,2024-07-03,2024-07-13,False,3,NONE,False,371,Bulk purchase,10.0,False
TXN-300512,ORD-200512,CUST-100512,24.0,Female,2024-10-10,2024-11-29 02:00:00,Kenya,Eldoret,0.52036,35.269779,Online,MPesa,KES,Beauty,PRD-2015,2,1678.97,0.415,775.36,2024-12-09,2024-12-15,False,4,LOYAL5,True,27,Delayed shipment,6.0,False
TXN-300617,ORD-200617,CUST-100617,48.0,Female,2023-11-24,2024-11-09 20:00:00,Kenya,Eldoret,0.52036,35.269779,Online,Cash,KES,Groceries,PRD-5254,4,280.16,0.12,786.64,2024-11-12,2024-11-22,False,2,BUNDLE15,False,18,VIP customer,10.0,False
TXN-300673,ORD-200673,CUST-100673,18.0,Female,2023-07-14,2023-08-15 04:00:00,Kenya,Eldoret,0.52036,35.269779,In-Store,Bank Transfer,KES,Home,PRD-1411,1,3269.68,0.158,0.0,2023-08-21,2023-08-24,False,4,NONE,False,28,First-time buyer,3.0,False
TXN-300140,ORD-200140,CUST-100140,69.0,Male,2023-01-26,2023-04-22 14:00:00,Ethiopia,Adama,8.5406,39.27,Online,MPesa,KES,Home,PRD-7071,1,2482.45,0.202,1252.87,2023-04-23,2023-04-23,False,4,FLASH20,True,32,Customer called support,0.0,True
TXN-300670,ORD-200670,CUST-100670,39.0,Female,2022-11-18,2023-05-19 12:00:00,Uganda,Entebbe,0.0487,32.4435,Online,MPesa,KES,Groceries,PRD-6099,1,342.53,0.0,980.24,2023-05-25,2023-05-28,False,3,LOYAL5,False,13,Delayed shipment,3.0,False
TXN-300110,ORD-200110,CUST-100110,41.0,Prefer not to say,2025-01-07,2025-01-07 18:00:00,Kenya,Mombasa,-4.043477,39.668206,In-Store,MPesa,KES,Health,PRD-5101,1,1125.77,0.082,0.0,2025-01-12,2025-01-12,False,5,LOYAL5,False,10,Bulk purchase,0.0,False
TXN-300086,ORD-200086,CUST-100086,60.0,Male,2024-10-08,2025-02-15 14:00:00,Tanzania,Dar es Salaam,-6.7924,39.2083,Online,Cash,KES,Beauty,PRD-2835,2,1693.22,0.362,734.66,2025-02-18,2025-02-23,False,4,FLASH20,False,29,Used promo code,5.0,False
TXN-300294,ORD-200294,CUST-100294,31.0,Male,2025-08-07,2025-09-24 16:00:00,Tanzania,Dar es Salaam,-6.7924,39.2083,Online,MPesa,KES,Groceries,PRD-3586,3,341.07,0.177,197.18,2025-09-29,2025-10-07,False,5,BUNDLE15,False,10,Customer called support,8.0,False
TXN-300139,ORD-200139,CUST-100139,32.0,Female,2023-12-10,2024-11-22 15:00:00,Kenya,Mombasa,-4.043477,39.668206,In-Store,MPesa,KES,Clothing,PRD-8005,2,1710.85,0.0,0.0,2024-11-29,2024-12-03,False,5,NONE,False,34,VIP customer,4.0,False
TXN-300706,ORD-200706,CUST-100706,34.0,Female,2024-09-19,2024-10-15 05:00:00,Uganda,Entebbe,0.0487,32.4435,Online,Credit Card,KES,Health,PRD-7449,3,671.59,0.21,1692.91,2024-10-07,2024-10-09,False,4,LOYAL5,False,33,Delayed shipment,2.0,False
TXN-300473,ORD-200473,CUST-100473,60.0,Male,2024-10-22,2024-11-01 01:00:00,Ethiopia,Addis Ababa,8.9806,38.7578,In-Store,MPesa,USD,Electronics,PRD-4459,1,74.0,0.5,0.0,2024-11-02,,False,4,NONE,False,48,Used promo code,,False
TXN-300495,ORD-200495,CUST-100495,30.0,Female,2024-06-19,2024-12-05 20:00:00,Tanzania,Dar es Salaam,-6.7924,39.2083,Online,MPesa,KES,Beauty,PRD-5332,3,1185.0,0.227,1142.54,2024-11-28,2024-11-30,False,4,FLASH20,False,39,No special notes,2.0,False
TXN-300649,ORD-200649,CUST-100649,24.0,Female,2023-11-30,2024-01-04 09:00:00,Ethiopia,Adama,8.5406,39.27,Online,MPesa,USD,Groceries,PRD-8164,1,2.92,0.021,2.1,2023-12-31,2024-01-10,False,5,NONE,False,6,Requested gift wrap,10.0,False
TXN-300063,ORD-200063,CUST-100063,,Male,2024-07-10,2025-05-24 10:00:00,Uganda,Entebbe,0.0487,32.4435,In-Store,MPesa,USD,Home,PRD-9579,2,25.92,0.239,0.0,2025-05-28,2025-05-28,False,4,LOYAL5,False,51,No special notes,0.0,False
TXN-300827,ORD-200827,CUST-100827,62.0,Male,2025-03-12,2025-04-16 04:00:00,Rwanda,Kigali,-1.9441,30.0619,Online,MPesa,KES,Electronics,PRD-5033,3,16378.94,0.145,1833.5,2025-04-07,2025-04-16,False,4,WELCOME10,False,439,Requested gift wrap,9.0,False
TXN-300212,ORD-200212,CUST-100212,23.0,Male,2024-08-28,2024-09-27 22:00:00,Uganda,Kampala,0.347596,32.58252,In-Store,Cash,USD,Beauty,PRD-8951,1,9.89,0.083,0.0,2024-10-01,2024-10-11,False,4,WELCOME10,False,12,No special notes,10.0,False
TXN-300818,ORD-200818,CUST-100818,62.0,Non-binary,2023-11-22,2023-12-20 18:00:00,Ethiopia,Addis Ababa,8.9806,38.7578,Online,Credit Card,KES,Clothing,PRD-1912,2,707.38,0.227,1294.53,2023-12-12,2023-12-22,False,5,BUNDLE15,False,24,Requested gift wrap,10.0,False
TXN-300065,ORD-200065,CUST-100065,42.0,Female,2023-02-27,2023-08-10 00:00:00,Kenya,Mombasa,-4.043477,39.668206,In-Store,Credit Card,KES,Groceries,PRD-9186,2,317.03,0.256,244.42,2023-08-05,2023-08-12,False,4,NONE,False,7,Delayed shipment,7.0,False
TXN-300753,ORD-200753,CUST-100753,69.0,Female,2024-08-29,2025-03-15 23:00:00,Kenya,Kisumu,-0.102206,34.761711,In-Store,MPesa,USD,Groceries,PRD-9094,1,1.11,0.382,0.0,2025-03-08,2025-03-08,False,4,BUNDLE15,True,1,Delayed shipment,0.0,False
TXN-300777,ORD-200777,CUST-100777,67.0,Female,2022-04-22,2023-04-18 13:00:00,Rwanda,Kigali,-1.9441,30.0619,Online,MPesa,KES,Groceries,PRD-3208,2,313.34,0.067,1205.44,2023-04-14,2023-04-16,False,4,,False,18,Customer called support,2.0,False
TXN-300078,ORD-200078,CUST-100078,39.0,Female,2023-03-06,2023-10-10 04:00:00,Kenya,Eldoret,0.52036,35.269779,In-Store,PayPal,KES,Clothing,PRD-7642,1,920.94,0.208,0.0,2023-10-16,2023-10-18,False,4,WELCOME10,True,7,VIP customer,2.0,False
TXN-300227,ORD-200227,CUST-100227,45.0,Female,2023-03-14,2023-10-10 20:00:00,Rwanda,Butare,-2.598,29.7396,Online,MPesa,KES,Health,PRD-9590,4,570.87,0.077,1946.29,2023-10-11,2023-10-14,False,3,LOYAL5,False,41,First-time buyer,3.0,False
TXN-300211,ORD-200211,CUST-100211,44.0,Male,2023-06-11,2024-02-08 06:00:00,Uganda,Gulu,2.7746,32.2989,Online,MPesa,KES,Health,PRD-6224,2,914.12,0.063,309.46,2024-02-05,2024-02-13,False,4,FLASH20,True,20,Bulk purchase,8.0,False
TXN-300231,ORD-200231,CUST-100231,35.0,Female,2025-05-29,2025-10-15 07:00:00,Kenya,Kisumu,-0.102206,34.761711,In-Store,MPesa,KES,Home,PRD-3694,2,1774.95,0.219,0.0,2025-10-16,2025-10-22,False,5,FLASH20,False,28,Used promo code,6.0,False
TXN-300286,ORD-200286,CUST-100286,55.0,Female,2022-04-08,2023-02-24 12:00:00,Uganda,Gulu,2.7746,32.2989,Online,Cash,KES,Clothing,PRD-4014,3,1622.27,0.284,1681.76,2023-02-20,2023-02-24,True,2,WELCOME10,False,52,Customer called support,4.0,False
TXN-300554,ORD-200554,CUST-100554,61.0,Female,2023-07-22,2023-09-02 06:00:00,Kenya,Mombasa,-4.043477,39.668206,In-Store,Credit Card,KES,Groceries,PRD-5761,1,378.43,0.234,0.0,2023-09-07,2023-09-16,False,4,BUNDLE15,False,3,First-time buyer,9.0,False
TXN-300338,ORD-200338,CUST-100338,54.0,Male,2025-08-08,2025-10-02 10:00:00,Rwanda,Kigali,-1.9441,30.0619,Online,Bank Transfer,USD,Home,PRD-5546,3,16.69,0.021,5.85,2025-10-08,2025-10-15,True,2,LOYAL5,True,71,No special notes,7.0,False
TXN-300710,ORD-200710,CUST-100710,22.0,Male,2025-07-01,2025-08-09 16:00:00,Uganda,Entebbe,0.0487,32.4435,Online,MPesa,USD,Groceries,PRD-1359,2,1.94,0.025,8.73,2025-08-04,2025-08-11,False,5,BUNDLE15,False,16,Requested gift wrap,7.0,False
TXN-300677,ORD-200677,CUST-100677,59.0,Female,2022-11-26,2023-04-13 03:00:00,Uganda,Kampala,0.347596,32.58252,In-Store,Credit Card,KES,Clothing,PRD-9349,4,1945.13,0.217,1615.13,2023-04-21,2023-04-24,False,5,NONE,False,77,VIP customer,3.0,False
TXN-300049,ORD-200049,CUST-100049,31.0,Female,2023-12-18,2024-07-17 04:00:00,Kenya,Mombasa,-4.043477,39.668206,In-Store,MPesa,KES,Groceries,PRD-7176,3,257.71,0.431,0.0,2024-07-19,2024-07-25,False,3,,False,4,No special notes,6.0,False
TXN-300522,ORD-200522,CUST-100522,23.0,Female,2022-11-30,2023-08-21 19:00:00,Rwanda,Kigali,-1.9441,30.0619,Online,MPesa,KES,Clothing,PRD-9813,2,1913.75,0.14,909.72,2023-08-12,2023-08-14,False,5,NONE,False,42,First-time buyer,2.0,False
TXN-300633,ORD-200633,CUST-100633,59.0,Female,2024-06-09,2025-04-09 12:00:00,Rwanda,Kigali,-1.9441,30.0619,Online,MPesa,KES,Groceries,PRD-9096,1,302.02,0.111,708.51,2025-04-10,2025-04-16,False,4,LOYAL5,True,10,Bulk purchase,6.0,False
TXN-300568,ORD-200568,CUST-100568,52.0,Non-binary,2024-06-25,2025-05-08 01:00:00,Uganda,Gulu,2.7746,32.2989,Online,MPesa,KES,Home,PRD-8069,1,3392.8,0.135,1413.55,2025-05-02,2025-05-07,False,4,FLASH20,False,43,First-time buyer,5.0,False
TXN-300657,ORD-200657,CUST-100657,,Female,2024-06-30,2025-01-14 23:00:00,Kenya,Mombasa,-4.043477,39.668206,In-Store,MPesa,KES,Beauty,PRD-5883,1,1368.47,0.029,0.0,2025-01-19,2025-01-19,True,4,WELCOME10,False,13,First-time buyer,0.0,False
TXN-300666,ORD-200666,CUST-100666,65.0,Female,2022-03-31,2023-03-20 15:00:00,Uganda,Gulu,2.7746,32.2989,In-Store,Credit Card,KES,Home,PRD-8797,1,2597.76,0.161,0.0,2023-03-27,2023-03-29,False,4,NONE,False,22,First-time buyer,2.0,False
TXN-300838,ORD-200838,CUST-100838,27.0,Male,2025-07-13,2025-11-17 17:00:00,Uganda,Entebbe,0.0487,32.4435,Online,PayPal,KES,Clothing,PRD-3059,1,1833.08,0.039,1767.6,2025-11-18,2025-11-26,False,4,NONE,False,35,No special notes,8.0,True
TXN-300685,ORD-200685,CUST-100685,33.0,Female,2023-10-26,2023-11-03 11:00:00,Kenya,Kisumu,-0.102206,34.761711,Online,MPesa,KES,Home,PRD-1152,2,3391.38,0.066,1112.49,2023-11-11,2023-11-16,False,4,LOYAL5,True,74,Used promo code,5.0,False
TXN-300703,ORD-200703,CUST-100703,42.0,Female,2023-12-26,2024-04-03 19:00:00,Kenya,Nairobi,-1.286389,36.817223,In-Store,MPesa,USD,Home,PRD-1899,3,15.48,0.092,6.3,2024-04-12,2024-04-11,False,5,NONE,False,63,First-time buyer,-1.0,False
TXN-300033,ORD-200033,CUST-100033,49.0,Male,2024-01-16,2024-01-15 00:00:00,Kenya,Nairobi,-1.286389,36.817223,Online,,KES,Groceries,PRD-8532,2,319.5,0.021,979.47,2024-01-23,2024-01-29,False,5,NONE,False,16,Used promo code,6.0,False
TXN-300031,ORD-200031,CUST-100031,30.0,Female,2024-10-30,2025-04-10 10:00:00,Kenya,Kisumu,-0.102206,34.761711,Online,Cash,USD,Clothing,PRD-7833,1,13.86,0.262,10.84,2025-04-20,2025-04-27,False,4,BUNDLE15,True,27,Customer called support,7.0,False
TXN-300549,ORD-200549,CUST-100549,46.0,Prefer not to say,2024-09-30,2025-05-23 17:00:00,Uganda,Kampala,0.347596,32.58252,Online,PayPal,KES,Groceries,PRD-7332,1,243.11,0.082,1504.5,2025-05-30,2025-06-01,False,4,NONE,False,17,Used promo code,2.0,False
TXN-300606,ORD-200606,CUST-100606,23.0,Female,2023-09-03,2023-12-16 00:00:00,Kenya,Mombasa,-4.043477,39.668206,In-Store,MPesa,KES,Clothing,PRD-8765,1,1599.37,0.272,1395.64,2023-12-26,2024-01-04,False,3,NONE,False,26,No special notes,9.0,False
TXN-300481,ORD-200481,CUST-100481,63.0,Male,2023-12-11,2024-10-20 05:00:00,Rwanda,Butare,-2.598,29.7396,In-Store,MPesa,KES,Home,PRD-4722,2,1425.85,0.133,0.0,2024-10-17,2024-10-19,False,5,LOYAL5,False,25,First-time buyer,2.0,False
TXN-300689,ORD-200689,CUST-100689,68.0,Non-binary,2024-01-22,2024-09-06 10:00:00,Kenya,Nakuru,-0.303099,36.080025,In-Store,MPesa,KES,Health,PRD-3805,4,980.97,0.03,0.0,2024-09-15,2024-09-21,False,4,NONE,False,38,Bulk purchase,6.0,False
TXN-300076,ORD-200076,CUST-100076,38.0,Female,2023-02-18,2024-02-02 03:00:00,Kenya,Nairobi,-1.286389,36.817223,Online,MPesa,KES,Home,PRD-2283,1,3676.55,0.361,955.9,2024-01-27,2024-01-27,False,4,LOYAL5,False,33,Used promo code,0.0,False
TXN-300247,ORD-200247,CUST-100247,67.0,Male,2024-06-19,2024-08-31 09:00:00,Tanzania,Dar es Salaam,-6.7924,39.2083,In-Store,Credit Card,KES,Clothing,PRD-6862,1,1050.64,0.034,0.0,2024-08-29,2024-09-03,True,4,,False,10,VIP customer,5.0,False
TXN-300479,ORD-200479,CUST-100479,36.0,Female,2024-04-27,2025-02-01 23:00:00,Ethiopia,Adama,8.5406,39.27,Online,MPesa,KES,Clothing,PRD-4618,2,1197.73,0.252,755.93,2025-02-02,2025-02-10,False,4,LOYAL5,False,25,Requested gift wrap,8.0,False
TXN-300281,ORD-200281,CUST-100281,66.0,Male,2025-05-10,2025-09-02 23:00:00,Tanzania,Dar es Salaam,-6.7924,39.2083,In-Store,MPesa,USD,Electronics,PRD-4400,2,149.22,0.126,0.0,2025-08-29,2025-08-30,False,4,WELCOME10,False,339,No special notes,1.0,False
TXN-300109,ORD-200109,CUST-100109,47.0,Male,2025-01-28,2025-05-11 11:00:00,Tanzania,Dar es Salaam,-6.7924,39.2083,In-Store,PayPal,KES,Home,PRD-4347,3,2044.23,0.255,0.0,2025-05-13,2025-05-19,False,5,LOYAL5,False,46,Used promo code,6.0,False
TXN-300072,ORD-200072,CUST-100072,28.0,Prefer not to say,2022-06-16,2023-03-10 15:00:00,Uganda,Gulu,2.7746,32.2989,Online,MPesa,USD,Electronics,PRD-8181,6,118.28,0.311,4.08,2023-03-06,2023-03-06,False,4,LOYAL5,False,641,Requested gift wrap,0.0,False
TXN-300077,ORD-200077,CUST-100077,43.0,Male,2023-03-21,2024-02-26 07:00:00,Kenya,Kisumu,-0.102206,34.761711,In-Store,MPesa,USD,Groceries,PRD-1247,2,2.83,0.19,0.0,2024-02-23,2024-03-01,False,4,NONE,False,6,First-time buyer,7.0,False
TXN-300839,ORD-200839,CUST-100839,22.0,Female,2024-05-23,2025-02-26 04:00:00,Rwanda,Butare,-2.598,29.7396,In-Store,Cash,KES,Clothing,PRD-1072,2,1002.16,0.072,0.0,2025-02-17,2025-02-25,False,3,BUNDLE15,False,19,Used promo code,8.0,False
TXN-300544,ORD-200544,CUST-100544,69.0,Female,2022-02-18,2022-12-29 09:00:00,Kenya,Eldoret,0.52036,35.269779,In-Store,MPesa,KES,Clothing,PRD-6623,1,508.74,0.19,0.0,2023-01-01,2023-01-03,False,4,WELCOME10,False,4,VIP customer,2.0,False
TXN-300082,ORD-200082,CUST-100082,53.0,Male,2022-05-31,2023-02-12 19:00:00,Rwanda,Kigali,-1.9441,30.0619,In-Store,Cash,KES,Clothing,PRD-3141,1,1387.4,0.066,0.0,2023-02-10,2023-02-15,False,5,NONE,False,13,VIP customer,5.0,False
TXN-300543,ORD-200543,CUST-100543,50.0,Female,2023-09-03,2024-04-10 03:00:00,Kenya,Eldoret,0.52036,35.269779,In-Store,Bank Transfer,KES,Electronics,PRD-3844,3,19945.38,0.154,0.0,2024-04-01,2024-04-03,False,4,FLASH20,False,506,Bulk purchase,2.0,False
TXN-300357,ORD-200357,CUST-100357,55.0,Male,2023-10-27,2023-12-03 19:00:00,Tanzania,Arusha,-3.3869,36.6829,Online,MPesa,KES,Home,PRD-8988,1,2423.46,0.225,1147.38,2023-12-02,2023-12-03,False,5,WELCOME10,False,30,VIP customer,1.0,False
TXN-300501,ORD-200501,CUST-100501,21.0,Male,2024-03-13,2024-05-16 20:00:00,Uganda,Entebbe,0.0487,32.4435,In-Store,Cash,KES,Groceries,PRD-3775,5,333.65,0.271,0.0,2024-05-16,2024-05-18,False,4,LOYAL5,False,12,VIP customer,2.0,False
TXN-300516,ORD-200516,CUST-100516,58.0,Female,2024-10-27,2025-03-10 14:00:00,Kenya,Nairobi,-1.286389,36.817223,Online,Bank Transfer,USD,Beauty,PRD-7353,2,8.76,0.268,10.33,2025-03-08,2025-03-11,False,3,BUNDLE15,False,30,VIP customer,3.0,False
TXN-300453,ORD-200453,CUST-100453,42.0,Male,2023-12-22,2024-12-09 21:00:00,Ethiopia,Adama,8.5406,39.27,In-Store,Credit Card,KES,Clothing,PRD-9870,3,2509.84,0.155,0.0,2024-12-14,2024-12-16,False,4,FLASH20,False,64,Delayed shipment,2.0,False
TXN-300383,ORD-200383,CUST-100383,38.0,Male,2024-08-12,2024-09-10 07:00:00,Kenya,Kisumu,-0.102206,34.761711,Online,MPesa,KES,Electronics,PRD-2832,3,12469.13,0.137,243.84,2024-09-08,2024-09-11,False,4,LOYAL5,False,325,Requested gift wrap,3.0,False
TXN-300377,ORD-200377,CUST-100377,58.0,Female,2024-03-15,2025-02-15 11:00:00,Ethiopia,Addis Ababa,8.9806,38.7578,In-Store,MPesa,KES,Clothing,PRD-8751,16,1898.06,0.156,0.0,2025-02-14,2025-02-21,False,4,NONE,False,256,Requested gift wrap,7.0,False
TXN-300553,ORD-200553,CUST-100553,63.0,Female,2022-08-04,2023-06-07 01:00:00,Kenya,Mombasa,-4.043477,39.668206,Online,Credit Card,KES,Groceries,PRD-4087,1,239.48,0.022,224.78,2023-06-03,2023-06-03,False,5,NONE,False,5,Customer called support,0.0,True
TXN-300302,ORD-200302,CUST-100302,62.0,Male,2024-10-30,2025-05-19 17:00:00,Kenya,Eldoret,0.52036,35.269779,Online,Credit Card,KES,Groceries,PRD-8129,1,286.77,0.133,204.7,2025-05-26,2025-06-03,False,4,NONE,False,5,Requested gift wrap,8.0,False
TXN-300346,ORD-200346,CUST-100346,63.0,Male,2023-06-05,2023-12-26 10:00:00,Kenya,Kisumu,-0.102206,34.761711,Online,,KES,Groceries,PRD-2979,1,178.51,0.251,980.32,2023-12-23,2024-01-01,False,4,NONE,False,11,First-time buyer,9.0,False
TXN-300005,ORD-200005,CUST-100005,42.0,Male,2023-01-28,2023-03-28 04:00:00,Kenya,Kisumu,-0.102206,34.761711,Online,MPesa,KES,Clothing,PRD-5417,3,1486.57,0.421,177.26,2023-03-29,2023-03-31,True,3,WELCOME10,False,28,VIP customer,2.0,False
TXN-300054,ORD-200054,CUST-100054,46.0,Female,2023-06-24,2023-07-20 11:00:00,Uganda,Entebbe,0.0487,32.4435,In-Store,MPesa,KES,Health,PRD-2106,1,1343.24,0.264,0.0,2023-07-21,2023-07-22,False,5,NONE,False,10,Used promo code,1.0,False
TXN-300424,ORD-200424,CUST-100424,67.0,Female,2023-11-12,2024-07-17 20:00:00,Kenya,Kisumu,-0.102206,34.761711,Online,MPesa,KES,Beauty,PRD-1002,1,1402.37,0.338,972.31,2024-07-22,2024-07-29,False,5,LOYAL5,False,19,No special notes,7.0,False
TXN-300291,ORD-200291,CUST-100291,63.0,Female,2022-11-19,2023-11-07 08:00:00,Rwanda,Butare,-2.598,29.7396,In-Store,MPesa,USD,Home,PRD-9996,2,23.72,0.408,0.0,2023-11-01,2023-11-01,False,4,FLASH20,False,37,Requested gift wrap,0.0,False
TXN-300275,ORD-200275,CUST-100275,22.0,Male,2024-06-14,2024-11-20 03:00:00,Kenya,Nakuru,-0.303099,36.080025,In-Store,PayPal,KES,Clothing,PRD-8929,2,2592.31,0.193,1275.64,2024-11-15,2024-11-21,False,4,WELCOME10,False,55,First-time buyer,6.0,False
TXN-300097,ORD-200097,CUST-100097,29.0,Male,2024-03-09,2024-09-02 02:00:00,Rwanda,Kigali,-1.9441,30.0619,In-Store,MPesa,KES,Clothing,PRD-4901,1,1134.99,0.298,1443.71,2024-09-04,2024-09-05,False,4,BUNDLE15,False,22,VIP customer,1.0,False
TXN-300688,ORD-200688,CUST-100688,44.0,Male,2023-03-28,2023-09-29 13:00:00,Kenya,Nakuru,-0.303099,36.080025,In-Store,MPesa,KES,Groceries,PRD-7951,3,202.98,0.258,0.0,2023-10-04,2023-10-14,False,5,NONE,False,5,Requested gift wrap,10.0,False
TXN-300825,ORD-200825,CUST-100825,35.0,Female,2025-08-31,2025-09-15 02:00:00,Kenya,Nairobi,-1.286389,36.817223,Online,MPesa,KES,Home,PRD-6135,2,1708.72,0.327,1120.49,2025-09-11,2025-09-21,True,2,WELCOME10,False,34,Customer called support,10.0,False
TXN-300444,ORD-200444,CUST-100444,49.0,Female,2022-09-14,2023-01-23 02:00:00,Ethiopia,Addis Ababa,8.9806,38.7578,In-Store,Bank Transfer,KES,Electronics,PRD-6817,5,7308.89,0.158,1620.12,2023-01-29,2023-02-02,False,3,NONE,False,324,Used promo code,4.0,False
TXN-300615,ORD-200615,CUST-100615,57.0,Male,2025-08-27,2025-10-15 07:00:00,Uganda,Kampala,0.347596,32.58252,In-Store,Credit Card,KES,Beauty,PRD-1213,2,1508.52,0.186,1666.83,2025-10-25,2025-10-23,False,4,NONE,False,41,First-time buyer,-2.0,False
TXN-300507,ORD-200507,CUST-100507,57.0,Female,2024-08-10,2025-07-06 23:00:00,Tanzania,Dar es Salaam,-6.7924,39.2083,In-Store,MPesa,KES,Electronics,PRD-1140,3,11164.29,0.387,0.0,2025-07-13,2025-07-14,False,4,LOYAL5,False,205,Requested gift wrap,1.0,False
TXN-300084,ORD-200084,CUST-100084,58.0,Prefer not to say,2022-12-22,2023-05-22 15:00:00,Rwanda,Kigali,-1.9441,30.0619,Online,PayPal,USD,Home,PRD-1448,3,18.43,0.084,7.82,2023-05-15,,False,5,NONE,False,76,Used promo code,,False
TXN-300010,ORD-200010,CUST-100010,44.0,Male,2025-02-18,2025-03-25 06:00:00,Ethiopia,Addis Ababa,8.9806,38.7578,Online,MPesa,KES,Groceries,PRD-4567,2,386.97,0.036,480.86,2025-03-16,2025-03-19,False,3,LOYAL5,False,12,Bulk purchase,3.0,False
TXN-300653,ORD-200653,CUST-100653,20.0,Male,2024-08-16,2025-05-24 12:00:00,Kenya,Eldoret,0.52036,35.269779,Online,MPesa,KES,Electronics,PRD-5860,2,27404.29,0.196,491.33,2025-06-01,2025-06-11,False,5,WELCOME10,False,445,Requested gift wrap,10.0,False
TXN-300332,ORD-200332,CUST-100332,18.0,Male,2025-09-11,2025-09-20 09:00:00,Kenya,Nakuru,-0.303099,36.080025,In-Store,PayPal,KES,Home,PRD-6075,3,334.86,0.366,564.95,2025-09-23,2025-09-28,False,3,NONE,False,12,No special notes,5.0,False
TXN-300672,ORD-200672,CUST-100672,65.0,Male,2022-06-30,2023-03-14 18:00:00,Uganda,Entebbe,0.0487,32.4435,In-Store,MPesa,USD,Groceries,PRD-6935,3,2.38,0.084,0.0,2023-03-08,2023-03-16,False,5,BUNDLE15,False,8,Customer called support,8.0,False
TXN-300118,ORD-200118,CUST-100118,25.0,Female,2024-12-13,2025-12-01 11:00:00,Rwanda,Kigali,-1.9441,30.0619,Online,MPesa,KES,Home,PRD-1142,1,3891.23,0.101,278.1,2025-11-25,2025-11-25,False,3,FLASH20,False,38,Used promo code,0.0,False
TXN-300259,ORD-200259,CUST-100259,54.0,Male,2024-05-03,2024-09-11 01:00:00,Kenya,Nairobi,-1.286389,36.817223,Online,MPesa,KES,Beauty,PRD-2235,4,1517.62,0.231,1019.79,2024-09-17,2024-09-26,False,5,NONE,False,57,Customer called support,9.0,False
TXN-300254,ORD-200254,CUST-100254,19.0,Male,2023-02-10,2023-05-09 18:00:00,Kenya,Nairobi,-1.286389,36.817223,Online,MPesa,KES,Health,PRD-5545,2,712.32,0.273,1157.3,2023-05-08,2023-05-10,False,5,NONE,False,22,No special notes,2.0,False
TXN-300029,ORD-200029,CUST-100029,46.0,Prefer not to say,2024-07-01,2024-09-29 03:00:00,Kenya,Eldoret,0.52036,35.269779,Online,,KES,Groceries,PRD-6971,1,207.92,0.141,339.96,2024-10-08,2024-10-11,False,4,NONE,False,5,VIP customer,3.0,False
TXN-300210,ORD-200210,CUST-100210,19.0,Non-binary,2024-07-18,2025-03-22 17:00:00,Uganda,Kampala,0.347596,32.58252,In-Store,MPesa,KES,Groceries,PRD-8322,4,304.58,0.344,0.0,2025-03-26,2025-03-27,False,5,WELCOME10,True,8,First-time buyer,1.0,False
TXN-300381,ORD-200381,CUST-100381,23.0,Female,2023-10-11,2024-02-15 08:00:00,Uganda,Entebbe,0.0487,32.4435,In-Store,Cash,KES,Groceries,PRD-3099,3,327.42,0.352,0.0,2024-02-22,,False,3,WELCOME10,False,6,Requested gift wrap,,False
TXN-300213,ORD-200213,CUST-100213,56.0,Male,2025-09-08,2025-11-20 22:00:00,Kenya,Nairobi,-1.286389,36.817223,Online,MPesa,KES,Electronics,PRD-2989,2,2439.37,0.111,971.23,2025-11-22,2025-12-02,False,3,FLASH20,False,53,Delayed shipment,10.0,False
TXN-300797,ORD-200797,CUST-100797,35.0,Female,2024-12-14,2025-03-20 13:00:00,Kenya,Nakuru,-0.303099,36.080025,Online,MPesa,KES,Beauty,PRD-9878,2,1269.34,0.326,1334.76,2025-03-16,2025-03-25,False,5,LOYAL5,False,30,Bulk purchase,9.0,False
TXN-300081,ORD-200081,CUST-100081,31.0,Female,2025-05-21,2025-10-04 07:00:00,Tanzania,Arusha,-3.3869,36.6829,Online,Bank Transfer,KES,Beauty,PRD-2565,3,563.51,0.45,489.89,2025-10-14,2025-10-15,False,5,WELCOME10,False,14,Customer called support,1.0,False
TXN-300716,ORD-200716,CUST-100716,62.0,Male,2023-01-09,2023-06-21 04:00:00,Rwanda,Butare,-2.598,29.7396,Online,Credit Card,KES,Electronics,PRD-2417,2,20.0,0.129,1357.03,2023-06-22,2023-06-24,False,4,BUNDLE15,False,14,No special notes,2.0,False
TXN-300342,ORD-200342,CUST-100342,50.0,Male,2023-08-31,2024-04-13 22:00:00,Kenya,Eldoret,0.52036,35.269779,In-Store,MPesa,KES,Groceries,PRD-1401,3,444.39,0.111,913.02,2024-04-18,2024-04-18,False,4,WELCOME10,True,21,Requested gift wrap,0.0,False
TXN-300539,ORD-200539,CUST-100539,67.0,Male,2025-01-30,2025-09-21 00:00:00,Uganda,Gulu,2.7746,32.2989,In-Store,MPesa,KES,Home,PRD-6005,1,2319.19,0.237,588.09,2025-09-23,2025-09-29,False,4,WELCOME10,False,24,Customer called support,6.0,False
TXN-300314,ORD-200314,CUST-100314,59.0,Male,2022-06-16,2023-04-22 08:00:00,Ethiopia,Adama,8.5406,39.27,In-Store,MPesa,KES,Clothing,PRD-9025,3,2259.19,0.5,492.74,2023-04-30,2023-05-04,False,4,NONE,False,39,First-time buyer,4.0,False
TXN-300757,ORD-200757,CUST-100757,40.0,Female,2022-06-29,2023-03-09 23:00:00,Kenya,Kisumu,-0.102206,34.761711,Online,Bank Transfer,KES,Clothing,PRD-5137,4,1282.74,0.332,523.78,2023-03-19,2023-03-26,False,5,WELCOME10,False,39,Bulk purchase,7.0,False
TXN-300209,ORD-200209,CUST-100209,35.0,Male,2023-09-22,2024-02-02 20:00:00,Kenya,Nakuru,-0.303099,36.080025,Online,Credit Card,KES,Home,PRD-8547,2,3808.34,0.351,982.39,2024-02-02,2024-02-10,False,3,LOYAL5,False,59,No special notes,8.0,False
TXN-300250,ORD-200250,CUST-100250,57.0,Female,2022-07-23,2023-07-02 12:00:00,Kenya,Nakuru,-0.303099,36.080025,In-Store,Bank Transfer,KES,Home,PRD-2818,1,1834.82,0.324,0.0,2023-07-10,,False,5,WELCOME10,True,12,VIP customer,,False
TXN-300518,ORD-200518,CUST-100518,39.0,Female,2025-04-05,2025-10-26 18:00:00,Kenya,Mombasa,-4.043477,39.668206,In-Store,MPesa,KES,Beauty,PRD-2823,2,1904.98,0.069,0.0,2025-10-25,2025-10-30,False,4,NONE,False,35,VIP customer,5.0,False
TXN-300738,ORD-200738,CUST-100738,,Male,2022-11-04,2023-01-20 18:00:00,Kenya,Nakuru,-0.303099,36.080025,Online,MPesa,KES,Home,PRD-3404,1,3071.11,0.407,1375.3,2023-01-13,2023-01-19,False,4,NONE,False,32,No special notes,6.0,False
TXN-300411,ORD-200411,CUST-100411,49.0,Male,2023-05-28,2024-03-14 10:00:00,Kenya,Kisumu,-0.102206,34.761711,In-Store,Credit Card,USD,Health,PRD-5472,2,5.21,0.0,8.04,2024-03-20,2024-03-30,False,4,NONE,False,24,First-time buyer,10.0,False
TXN-300712,ORD-200712,CUST-100712,55.0,Female,2022-11-13,2023-07-12 06:00:00,Kenya,Kisumu,-0.102206,34.761711,Online,PayPal,KES,Home,PRD-8647,2,1023.43,0.0,1194.25,2023-07-13,2023-07-17,False,5,LOYAL5,False,32,VIP customer,4.0,False
TXN-300490,ORD-200490,CUST-100490,19.0,Male,2024-06-22,2024-10-24 10:00:00,Uganda,Entebbe,0.0487,32.4435,Online,MPesa,KES,Electronics,PRD-8047,2,20.0,0.338,389.83,2024-10-29,2024-11-05,False,4,LOYAL5,False,4,First-time buyer,7.0,False
TXN-300611,ORD-200611,CUST-100611,30.0,Female,2024-03-31,2024-11-03 09:00:00,Uganda,Gulu,2.7746,32.2989,Online,MPesa,KES,Health,PRD-7341,4,954.31,0.03,1396.67,2024-11-02,2024-11-07,True,3,NONE,True,51,Requested gift wrap,5.0,False
TXN-300235,ORD-200235,CUST-100235,,Male,2025-11-17,2025-12-17 12:00:00,Kenya,Nakuru,-0.303099,36.080025,Online,MPesa,KES,Electronics,PRD-4959,1,27202.68,0.023,679.38,2025-12-08,2025-12-10,False,5,BUNDLE15,False,272,Delayed shipment,2.0,False
TXN-300333,ORD-200333,CUST-100333,46.0,Male,2024-04-12,2024-12-02 14:00:00,Kenya,Mombasa,-4.043477,39.668206,Online,Cash,KES,Groceries,PRD-6819,1,357.42,0.18,1084.19,2024-11-27,2024-11-29,False,5,NONE,False,14,Bulk purchase,2.0,False
TXN-300215,ORD-200215,CUST-100215,23.0,Male,2023-12-29,2024-03-31 21:00:00,Kenya,Mombasa,-4.043477,39.668206,Online,MPesa,KES,Beauty,PRD-3604,2,1466.44,0.366,1165.62,2024-04-04,2024-04-12,False,4,,False,30,VIP customer,8.0,False
TXN-300796,ORD-200796,CUST-100796,26.0,Female,2025-02-09,2025-05-10 04:00:00,Kenya,Nairobi,-1.286389,36.817223,In-Store,MPesa,KES,Electronics,PRD-3287,1,20365.84,0.242,0.0,2025-05-14,2025-05-21,True,3,LOYAL5,False,154,Customer called support,7.0,False
TXN-300007,ORD-200007,CUST-100007,48.0,Female,2023-04-28,2023-05-15 17:00:00,Ethiopia,Addis Ababa,8.9806,38.7578,In-Store,Credit Card,KES,Clothing,PRD-3423,4,1748.78,0.052,0.0,2023-05-11,2023-05-13,False,4,NONE,False,66,First-time buyer,2.0,False
TXN-300192,ORD-200192,CUST-100192,53.0,Male,2023-06-03,2024-02-13 00:00:00,Tanzania,Mwanza,-2.5164,32.9179,Online,MPesa,KES,Clothing,PRD-6243,1,1198.14,0.048,1488.98,2024-02-08,2024-02-15,False,5,NONE,False,26,Used promo code,7.0,False
TXN-300155,ORD-200155,CUST-100155,34.0,Male,2024-12-13,2025-06-11 10:00:00,Kenya,Nairobi,-1.286389,36.817223,Online,MPesa,KES,Beauty,PRD-6145,1,1523.97,0.079,809.1,2025-06-02,2025-06-03,False,4,FLASH20,False,22,Used promo code,1.0,False
TXN-300319,ORD-200319,CUST-100319,63.0,Female,2025-05-20,2025-10-04 08:00:00,Rwanda,Butare,-2.598,29.7396,Online,Bank Transfer,KES,Home,PRD-8139,2,3095.23,0.174,835.66,2025-10-09,2025-10-19,False,3,BUNDLE15,False,60,Customer called support,10.0,False
TXN-300101,ORD-200101,CUST-100101,60.0,Female,2024-07-08,2025-01-29 04:00:00,Kenya,Eldoret,0.52036,35.269779,In-Store,Credit Card,KES,Health,PRD-1066,3,714.41,0.03,1178.27,2025-02-05,2025-02-14,True,4,NONE,False,33,First-time buyer,9.0,False
TXN-300368,ORD-200368,CUST-100368,37.0,Female,2023-09-04,2023-10-05 16:00:00,Tanzania,Dar es Salaam,-6.7924,39.2083,Online,MPesa,KES,Beauty,PRD-9574,2,1170.87,0.408,952.85,2023-10-12,2023-10-22,False,5,LOYAL5,False,23,First-time buyer,10.0,False
TXN-300793,ORD-200793,CUST-100793,42.0,Male,2023-03-15,2023-07-09 10:00:00,Tanzania,Mwanza,-2.5164,32.9179,In-Store,MPesa,USD,Clothing,PRD-8663,2,14.04,0.165,0.0,2023-07-15,2023-07-22,False,3,NONE,False,30,Customer called support,7.0,False
TXN-300779,ORD-200779,CUST-100779,45.0,Male,2023-02-06,2023-07-18 03:00:00,Kenya,Nairobi,-1.286389,36.817223,In-Store,MPesa,USD,Groceries,PRD-6622,1,1.93,0.074,10.4,2023-07-17,2023-07-24,False,4,FLASH20,False,16,No special notes,7.0,False
TXN-300483,ORD-200483,CUST-100483,56.0,Male,2025-06-14,2025-09-06 02:00:00,Uganda,Entebbe,0.0487,32.4435,Online,MPesa,KES,Groceries,PRD-6930,1,154.23,0.149,231.58,2025-08-28,2025-09-03,False,4,NONE,False,4,No special notes,6.0,False
TXN-300002,ORD-200002,CUST-100002,41.0,Male,2022-07-29,2023-04-23 14:00:00,Tanzania,Dar es Salaam,-6.7924,39.2083,Online,MPesa,KES,Clothing,PRD-3589,4,2227.14,0.076,1587.54,2023-05-02,2023-05-08,False,4,BUNDLE15,False,98,Customer called support,6.0,False
TXN-300196,ORD-200196,CUST-100196,,Male,2023-08-30,2024-08-03 11:00:00,Uganda,Gulu,2.7746,32.2989,Online,MPesa,KES,Groceries,PRD-8107,1,320.19,0.157,1017.56,2024-08-09,2024-08-12,False,4,BUNDLE15,False,13,Customer called support,3.0,False
TXN-300464,ORD-200464,CUST-100464,64.0,Male,2023-01-11,2023-12-07 18:00:00,Tanzania,Dar es Salaam,-6.7924,39.2083,Online,PayPal,KES,Beauty,PRD-6391,2,1207.15,0.092,701.36,2023-12-14,2023-12-22,False,4,,False,29,First-time buyer,8.0,False
TXN-300746,ORD-200746,CUST-100746,24.0,Female,2023-10-11,2023-11-29 09:00:00,Rwanda,Kigali,-1.9441,30.0619,In-Store,Bank Transfer,KES,Home,PRD-2928,2,2948.04,0.122,0.0,2023-11-30,2023-12-02,False,4,FLASH20,False,52,Delayed shipment,2.0,False
TXN-300218,ORD-200218,CUST-100218,57.0,Male,2025-03-14,2025-11-08 19:00:00,Kenya,Nakuru,-0.303099,36.080025,Online,Cash,KES,Clothing,PRD-3812,3,1393.31,0.099,699.56,2025-11-11,2025-11-15,False,4,WELCOME10,False,45,No special notes,4.0,False
TXN-300770,ORD-200770,CUST-100770,38.0,Female,2022-10-29,2023-05-27 08:00:00,Kenya,Mombasa,-4.043477,39.668206,In-Store,MPesa,KES,Electronics,PRD-3298,1,6271.27,0.131,0.0,2023-05-23,2023-05-31,False,4,NONE,False,55,Delayed shipment,8.0,False
TXN-300487,ORD-200487,CUST-100487,18.0,Female,2025-01-18,2025-08-26 09:00:00,Ethiopia,Adama,8.5406,39.27,In-Store,MPesa,KES,Health,PRD-4642,3,829.14,0.204,0.0,2025-08-25,2025-08-29,False,3,NONE,False,20,Delayed shipment,4.0,False
TXN-300804,ORD-200804,CUST-100804,51.0,Female,2022-12-20,2023-11-13 19:00:00,Kenya,Nairobi,-1.286389,36.817223,In-Store,MPesa,KES,Clothing,PRD-9495,1,1426.34,0.139,0.0,2023-11-20,,False,4,NONE,False,12,Requested gift wrap,,False
TXN-300548,ORD-200548,CUST-100548,43.0,Male,2023-12-11,2024-03-31 00:00:00,Kenya,Kisumu,-0.102206,34.761711,Online,MPesa,KES,Electronics,PRD-8884,2,25441.59,0.361,1088.1,2024-03-24,2024-03-24,False,5,FLASH20,False,336,VIP customer,0.0,False
TXN-300316,ORD-200316,CUST-100316,26.0,Male,2024-12-03,2025-01-04 20:00:00,Rwanda,Butare,-2.598,29.7396,Online,MPesa,KES,Electronics,PRD-9846,1,12247.75,0.217,1614.07,2025-01-10,,False,4,NONE,False,112,Customer called support,,False
TXN-300808,ORD-200808,CUST-100808,28.0,Female,2024-04-18,2024-09-14 17:00:00,Kenya,Eldoret,0.52036,35.269779,In-Store,MPesa,KES,Electronics,PRD-3694,1,8431.69,0.138,306.34,2024-09-18,2024-09-22,False,5,NONE,False,76,Used promo code,4.0,False
TXN-300759,ORD-200759,CUST-100759,38.0,Female,2022-10-22,2023-05-11 06:00:00,Kenya,Kisumu,-0.102206,34.761711,In-Store,Credit Card,KES,Clothing,PRD-6943,3,1804.08,0.163,0.0,2023-05-12,2023-05-21,False,5,WELCOME10,False,45,Requested gift wrap,9.0,False
TXN-300532,ORD-200532,CUST-100532,39.0,Male,2023-06-24,2024-01-30 16:00:00,Uganda,Kampala,0.347596,32.58252,Online,Credit Card,KES,Beauty,PRD-5628,1,1533.21,0.274,1701.5,2024-02-09,2024-02-12,False,4,NONE,False,28,VIP customer,3.0,False
TXN-300664,ORD-200664,CUST-100664,38.0,Female,2024-12-05,2024-12-17 13:00:00,Uganda,Kampala,0.347596,32.58252,In-Store,MPesa,KES,Home,PRD-3556,3,2868.53,0.227,0.0,2024-12-14,2024-12-23,False,4,WELCOME10,True,67,Bulk purchase,9.0,False
TXN-300326,ORD-200326,CUST-100326,18.0,Male,2024-06-15,2024-12-07 17:00:00,Tanzania,Arusha,-3.3869,36.6829,Online,Credit Card,KES,Groceries,PRD-9710,1,385.58,0.179,1368.89,2024-12-04,2024-12-13,False,5,NONE,False,17,Used promo code,9.0,False
TXN-300416,ORD-200416,CUST-100416,51.0,Male,2024-01-14,2025-01-09 20:00:00,Tanzania,Arusha,-3.3869,36.6829,Online,MPesa,KES,Electronics,PRD-4469,1,16914.27,0.22,653.06,2025-01-04,2025-01-10,False,3,LOYAL5,False,139,Customer called support,6.0,False
TXN-300079,ORD-200079,CUST-100079,23.0,Female,2023-05-23,2024-01-08 04:00:00,Kenya,Nairobi,-1.286389,36.817223,Online,MPesa,KES,Electronics,PRD-1981,4,17154.47,0.086,843.25,2024-01-14,2024-01-18,False,5,LOYAL5,False,636,Bulk purchase,4.0,False
TXN-300148,ORD-200148,CUST-100148,,Male,2024-06-11,2025-04-11 06:00:00,Tanzania,Dar es Salaam,-6.7924,39.2083,Online,Cash,KES,Electronics,PRD-8051,4,16344.02,0.399,1658.83,2025-04-15,2025-04-15,False,4,FLASH20,False,410,First-time buyer,0.0,False
TXN-300425,ORD-200425,CUST-100425,24.0,Male,2024-12-08,2025-12-02 21:00:00,Uganda,Gulu,2.7746,32.2989,In-Store,MPesa,USD,Clothing,PRD-2117,1,13.96,0.174,0.0,2025-11-28,2025-12-06,False,4,NONE,False,15,No special notes,8.0,False
TXN-300280,ORD-200280,CUST-100280,66.0,Female,2024-08-23,2024-10-06 02:00:00,Rwanda,Kigali,-1.9441,30.0619,Online,MPesa,KES,Groceries,PRD-2382,1,356.06,0.148,216.3,2024-10-15,2024-10-20,False,3,BUNDLE15,False,5,Bulk purchase,5.0,False
TXN-300426,ORD-200426,CUST-100426,35.0,Female,2022-06-05,2023-04-24 08:00:00,Kenya,Nairobi,-1.286389,36.817223,In-Store,MPesa,USD,Home,PRD-7883,27,10.38,0.292,4.93,2023-04-19,2023-04-20,False,5,FLASH20,False,264,Used promo code,1.0,False
TXN-300363,ORD-200363,CUST-100363,46.0,Male,2024-10-12,2024-11-23 19:00:00,Kenya,Eldoret,0.52036,35.269779,In-Store,MPesa,KES,Electronics,PRD-5808,1,9995.49,0.146,0.0,2024-11-20,2024-11-29,False,5,LOYAL5,False,85,Requested gift wrap,9.0,False
TXN-300694,ORD-200694,CUST-100694,30.0,Female,2024-06-18,2025-01-20 11:00:00,Uganda,Gulu,2.7746,32.2989,In-Store,MPesa,KES,Health,PRD-3392,4,1086.67,0.452,0.0,2025-01-28,2025-02-02,False,3,LOYAL5,False,24,No special notes,5.0,False
TXN-300451,ORD-200451,CUST-100451,50.0,Male,2022-12-07,2023-06-25 15:00:00,Uganda,Kampala,0.347596,32.58252,Online,MPesa,KES,Home,PRD-6197,2,3097.48,0.363,677.08,2023-06-16,2023-06-18,False,4,WELCOME10,False,46,Delayed shipment,2.0,False
TXN-300537,ORD-200537,CUST-100537,34.0,Female,2024-10-21,2025-02-08 22:00:00,Uganda,Entebbe,0.0487,32.4435,Online,PayPal,KES,Electronics,PRD-7517,2,10444.48,0.144,564.01,2025-02-09,2025-02-13,False,5,LOYAL5,False,184,No special notes,4.0,False
TXN-300133,ORD-200133,CUST-100133,65.0,Prefer not to say,2023-06-06,2023-11-10 17:00:00,Kenya,Nakuru,-0.303099,36.080025,Online,MPesa,KES,Groceries,PRD-5866,1,258.29,0.076,1195.88,2023-11-14,,False,4,BUNDLE15,False,14,Requested gift wrap,,False
TXN-300430,ORD-200430,CUST-100430,60.0,Female,2023-12-23,2024-09-25 06:00:00,Ethiopia,Adama,8.5406,39.27,Online,MPesa,KES,Clothing,PRD-3379,1,1091.9,0.293,1206.85,2024-09-25,2024-09-30,False,4,NONE,True,20,Used promo code,5.0,False
TXN-300165,ORD-200165,CUST-100165,20.0,Female,2025-07-04,2025-08-11 08:00:00,Kenya,Mombasa,-4.043477,39.668206,Online,Credit Card,KES,Groceries,PRD-8506,2,238.28,0.064,878.23,2025-08-12,2025-08-13,False,4,LOYAL5,False,13,Used promo code,1.0,False
TXN-300525,ORD-200525,CUST-100525,48.0,Male,2022-08-10,2023-02-25 08:00:00,Kenya,Nairobi,-1.286389,36.817223,Online,MPesa,KES,Clothing,PRD-2471,3,2796.73,0.0,279.7,2023-03-04,2023-03-04,False,5,NONE,False,87,VIP customer,0.0,False
TXN-300055,ORD-200055,CUST-100055,65.0,Male,2025-06-04,2025-09-16 09:00:00,Tanzania,Arusha,-3.3869,36.6829,In-Store,MPesa,KES,Beauty,PRD-3789,3,1444.44,0.21,0.0,2025-09-22,2025-09-29,False,5,FLASH20,False,34,No special notes,7.0,False
TXN-300478,ORD-200478,CUST-100478,52.0,Female,2023-06-21,2023-07-15 20:00:00,Tanzania,Arusha,-3.3869,36.6829,Online,MPesa,KES,Health,PRD-1121,1,1204.52,0.243,359.4,2023-07-22,2023-07-24,False,4,LOYAL5,True,13,Customer called support,2.0,False
TXN-300669,ORD-200669,CUST-100669,45.0,Male,2024-06-12,2024-06-25 00:00:00,Kenya,Nakuru,-0.303099,36.080025,In-Store,PayPal,KES,Electronics,PRD-4247,1,10371.54,0.353,0.0,2024-06-20,2024-06-21,False,4,NONE,False,67,Requested gift wrap,1.0,False
TXN-300527,ORD-200527,CUST-100527,19.0,Male,2024-10-23,2025-03-08 13:00:00,Uganda,Gulu,2.7746,32.2989,Online,PayPal,KES,Clothing,PRD-4103,2,1455.35,0.459,926.02,2025-03-05,2025-03-11,False,5,WELCOME10,False,25,Used promo code,6.0,False
TXN-300429,ORD-200429,CUST-100429,29.0,Female,2023-11-29,2024-02-08 15:00:00,Ethiopia,Addis Ababa,8.9806,38.7578,In-Store,MPesa,KES,Home,PRD-4579,1,3012.43,0.085,1551.57,2024-02-02,2024-02-04,False,4,NONE,False,43,Requested gift wrap,2.0,False
TXN-300434,ORD-200434,CUST-100434,21.0,Male,2024-11-05,2025-01-29 15:00:00,Uganda,Gulu,2.7746,32.2989,In-Store,MPesa,USD,Home,PRD-6036,3,27.91,0.162,2.55,2025-01-20,2025-01-23,False,3,NONE,False,94,No special notes,3.0,False
TXN-300204,ORD-200204,CUST-100204,66.0,Prefer not to say,2022-12-25,2023-11-24 09:00:00,Kenya,Eldoret,0.52036,35.269779,Online,MPesa,KES,Clothing,PRD-6138,2,841.34,0.176,924.66,2023-12-04,2023-12-08,False,5,,False,23,VIP customer,4.0,False
TXN-300591,ORD-200591,CUST-100591,62.0,Male,2023-02-16,2023-05-25 10:00:00,Uganda,Entebbe,0.0487,32.4435,Online,MPesa,KES,Groceries,PRD-1915,1,327.4,0.239,306.53,2023-05-18,2023-05-26,False,5,NONE,True,6,Used promo code,8.0,False
TXN-300584,ORD-200584,CUST-100584,,Male,2025-05-06,2025-10-24 22:00:00,Uganda,Gulu,2.7746,32.2989,In-Store,MPesa,KES,Electronics,PRD-7745,1,5501.25,0.117,0.0,2025-10-16,2025-10-23,False,5,LOYAL5,False,49,Customer called support,7.0,False
TXN-300842,ORD-200842,CUST-100842,31.0,Female,2025-06-20,2025-09-14 20:00:00,Rwanda,Butare,-2.598,29.7396,Online,MPesa,KES,Home,PRD-4888,2,3270.18,0.27,1262.94,2025-09-09,2025-09-17,False,4,NONE,False,60,Customer called support,8.0,False
TXN-300334,ORD-200334,CUST-100334,20.0,Male,2025-04-19,2025-12-08 17:00:00,Ethiopia,Adama,8.5406,39.27,In-Store,MPesa,KES,Electronics,PRD-1810,2,21248.68,0.129,496.3,2025-12-06,2025-12-14,False,4,WELCOME10,False,375,Requested gift wrap,8.0,False
TXN-300795,ORD-200795,CUST-100795,26.0,Male,2023-08-30,2024-05-24 14:00:00,Kenya,Kisumu,-0.102206,34.761711,Online,MPesa,KES,Groceries,PRD-6461,1,255.27,0.253,383.06,2024-05-31,2024-06-10,False,4,WELCOME10,False,6,Delayed shipment,10.0,False
TXN-300060,ORD-200060,CUST-100060,24.0,Female,2023-05-11,2023-10-22 13:00:00,Uganda,Kampala,0.347596,32.58252,Online,MPesa,KES,Groceries,PRD-4995,3,202.85,0.266,934.71,2023-10-23,2023-11-01,False,5,BUNDLE15,False,14,VIP customer,9.0,False
TXN-300199,ORD-200199,CUST-100199,57.0,Female,2023-07-14,2024-05-16 20:00:00,Kenya,Kisumu,-0.102206,34.761711,In-Store,MPesa,USD,Clothing,PRD-8575,1,12.42,0.443,9.28,2024-05-24,2024-06-02,False,4,BUNDLE15,False,21,First-time buyer,9.0,False
TXN-300431,ORD-200431,CUST-100431,47.0,Male,2024-05-24,2025-01-02 01:00:00,Kenya,Eldoret,0.52036,35.269779,Online,MPesa,KES,Beauty,PRD-5264,4,1204.64,0.06,844.65,2025-01-02,2025-01-09,False,4,BUNDLE15,False,54,Customer called support,7.0,False
TXN-300613,ORD-200613,CUST-100613,30.0,Male,2024-01-07,2024-10-03 06:00:00,Uganda,Entebbe,0.0487,32.4435,In-Store,PayPal,KES,Electronics,PRD-1677,2,8431.4,0.051,0.0,2024-09-25,2024-09-25,False,5,LOYAL5,False,160,VIP customer,0.0,False
TXN-300447,ORD-200447,CUST-100447,22.0,Female,2024-01-21,2024-05-16 19:00:00,Tanzania,Arusha,-3.3869,36.6829,In-Store,MPesa,KES,Beauty,PRD-1785,4,948.98,0.5,0.0,2024-05-25,2024-05-28,False,3,WELCOME10,False,19,Delayed shipment,3.0,False
TXN-300300,ORD-200300,CUST-100300,30.0,Male,2022-03-28,2023-01-02 02:00:00,Kenya,Nakuru,-0.303099,36.080025,Online,Credit Card,KES,Groceries,PRD-2997,3,233.06,0.19,1067.13,2023-01-05,2023-01-14,False,4,WELCOME10,False,16,No special notes,9.0,False
TXN-300572,ORD-200572,CUST-100572,44.0,Female,2022-05-24,2023-04-07 16:00:00,Rwanda,Butare,-2.598,29.7396,In-Store,Cash,KES,Beauty,PRD-5527,4,899.5,0.187,506.05,2023-04-13,2023-04-21,False,4,LOYAL5,False,34,First-time buyer,8.0,False
TXN-300298,ORD-200298,CUST-100298,56.0,Male,2022-11-21,2023-09-23 21:00:00,Kenya,Kisumu,-0.102206,34.761711,Online,Credit Card,KES,Health,PRD-1955,1,367.93,0.441,402.18,2023-09-21,2023-09-29,False,5,WELCOME10,False,6,No special notes,8.0,False
TXN-300497,ORD-200497,CUST-100497,32.0,Female,2024-01-22,2024-12-31 18:00:00,Kenya,Nakuru,-0.303099,36.080025,Online,Bank Transfer,USD,Groceries,PRD-1164,2,2.16,0.348,3.34,2025-01-01,2025-01-06,False,4,NONE,False,8,No special notes,5.0,False
TXN-300567,ORD-200567,CUST-100567,29.0,Male,2025-03-08,2025-07-02 17:00:00,Uganda,Kampala,0.347596,32.58252,Online,Cash,KES,Electronics,PRD-3211,34,14540.92,0.14,1410.73,2025-07-07,2025-07-16,False,5,BUNDLE15,False,4268,First-time buyer,9.0,False
TXN-300417,ORD-200417,CUST-100417,46.0,Female,2024-06-01,2025-05-04 02:00:00,Uganda,Kampala,0.347596,32.58252,Online,MPesa,KES,Groceries,PRD-9407,1,246.69,0.06,1440.56,2025-04-30,2025-05-10,False,5,NONE,False,17,Used promo code,10.0,False
TXN-300309,ORD-200309,CUST-100309,64.0,Female,2024-07-10,2024-10-07 22:00:00,Kenya,Eldoret,0.52036,35.269779,Online,Credit Card,USD,Clothing,PRD-6307,2,23.34,0.135,9.91,2024-10-17,2024-10-25,False,4,FLASH20,False,65,Delayed shipment,8.0,False
TXN-300697,ORD-200697,CUST-100697,37.0,Female,2023-08-03,2024-06-23 13:00:00,Rwanda,Butare,-2.598,29.7396,Online,MPesa,KES,Clothing,PRD-1166,2,961.88,0.323,323.04,2024-06-26,2024-06-29,True,3,WELCOME10,False,16,Delayed shipment,3.0,False
TXN-300500,ORD-200500,CUST-100500,60.0,Male,2024-12-12,2025-01-13 01:00:00,Tanzania,Arusha,-3.3869,36.6829,Online,Bank Transfer,USD,Electronics,PRD-4860,1,153.96,0.114,8.27,2025-01-09,2025-01-12,False,2,NONE,False,188,No special notes,3.0,False
TXN-300802,ORD-200802,CUST-100802,33.0,Male,2022-01-28,2023-01-20 06:00:00,Kenya,Nairobi,-1.286389,36.817223,In-Store,Credit Card,KES,Groceries,PRD-2075,1,418.95,0.376,0.0,2023-01-15,2023-01-24,False,4,WELCOME10,False,3,Used promo code,9.0,False
TXN-300090,ORD-200090,CUST-100090,21.0,Male,2023-09-13,2024-05-15 13:00:00,Rwanda,Butare,-2.598,29.7396,Online,MPesa,KES,Electronics,PRD-6628,1,16786.84,0.297,245.88,2024-05-17,2024-05-18,False,4,NONE,False,120,VIP customer,1.0,False
TXN-300809,ORD-200809,CUST-100809,49.0,Male,2024-05-30,2025-01-22 02:00:00,Kenya,Nairobi,-1.286389,36.817223,In-Store,Credit Card,KES,Beauty,PRD-5304,2,1092.7,0.0,0.0,2025-01-24,2025-02-03,False,5,NONE,False,22,Requested gift wrap,10.0,False
TXN-300181,ORD-200181,CUST-100181,54.0,Female,2024-11-27,2025-10-21 15:00:00,Uganda,Kampala,0.347596,32.58252,In-Store,PayPal,KES,Beauty,PRD-2715,1,1361.54,0.181,0.0,2025-10-13,2025-10-17,False,5,WELCOME10,False,11,Customer called support,4.0,False
TXN-300849,ORD-200849,CUST-100849,20.0,Female,2025-07-06,2025-09-03 15:00:00,Kenya,Nakuru,-0.303099,36.080025,In-Store,MPesa,KES,Groceries,PRD-2655,1,393.19,0.214,0.0,2025-08-26,2025-08-26,True,4,NONE,False,3,Bulk purchase,0.0,False
TXN-300409,ORD-200409,CUST-100409,21.0,Female,2023-01-18,2023-06-28 16:00:00,Kenya,Kisumu,-0.102206,34.761711,In-Store,MPesa,KES,Clothing,PRD-1214,5,1905.37,0.249,1079.35,2023-06-26,2023-07-03,False,3,BUNDLE15,False,82,Bulk purchase,7.0,False
TXN-300806,ORD-200806,CUST-100806,32.0,Male,2022-09-16,2023-04-30 02:00:00,Uganda,Gulu,2.7746,32.2989,Online,MPesa,KES,Beauty,PRD-6237,2,1140.16,0.183,976.22,2023-05-10,2023-05-17,False,5,LOYAL5,False,28,Customer called support,7.0,False
TXN-300158,ORD-200158,CUST-100158,48.0,Female,2024-04-12,2025-01-23 00:00:00,Rwanda,Kigali,-1.9441,30.0619,In-Store,Credit Card,KES,Groceries,PRD-4712,1,331.88,0.094,0.0,2025-01-21,2025-01-23,False,4,NONE,False,3,Delayed shipment,2.0,False
TXN-300069,ORD-200069,CUST-100069,36.0,Female,2023-06-08,2024-05-07 23:00:00,Tanzania,Dar es Salaam,-6.7924,39.2083,In-Store,MPesa,KES,Groceries,PRD-2903,1,226.78,0.268,1385.66,2024-05-07,2024-05-14,False,4,NONE,False,16,Customer called support,7.0,False
TXN-300707,ORD-200707,CUST-100707,18.0,Male,2022-11-07,2023-04-27 20:00:00,Uganda,Kampala,0.347596,32.58252,In-Store,MPesa,KES,Electronics,PRD-4132,5,21372.01,0.303,0.0,2023-04-28,2023-05-02,False,4,LOYAL5,False,745,Delayed shipment,4.0,False
TXN-300131,ORD-200131,CUST-100131,31.0,Female,2024-06-12,2024-12-06 08:00:00,Kenya,Kisumu,-0.102206,34.761711,Online,Cash,KES,Electronics,PRD-2220,4,5663.85,0.272,308.86,2024-12-10,2024-12-10,True,2,WELCOME10,False,168,Requested gift wrap,0.0,False
TXN-300044,ORD-200044,CUST-100044,59.0,Male,2024-08-10,2025-02-23 23:00:00,Uganda,Kampala,0.347596,32.58252,Online,MPesa,KES,Beauty,PRD-5398,1,1269.57,0.204,576.8,2025-02-14,,False,4,FLASH20,False,16,VIP customer,,False
TXN-300684,ORD-200684,CUST-100684,48.0,Female,2023-12-04,2024-11-23 16:00:00,Tanzania,Dar es Salaam,-6.7924,39.2083,Online,Cash,KES,Beauty,PRD-3382,2,1205.01,0.266,1281.07,2024-11-22,,False,4,NONE,False,30,Requested gift wrap,,False
TXN-300070,ORD-200070,CUST-100070,46.0,Male,2025-01-17,2025-12-06 18:00:00,Tanzania,Mwanza,-2.5164,32.9179,Online,Credit Card,KES,Home,PRD-4383,2,3213.11,0.219,1643.41,2025-11-30,2025-12-10,False,4,FLASH20,False,67,Used promo code,10.0,False
TXN-300635,ORD-200635,CUST-100635,64.0,Female,2023-01-13,2023-12-01 09:00:00,Tanzania,Mwanza,-2.5164,32.9179,Online,MPesa,KES,Electronics,PRD-8348,5,5929.81,0.051,283.68,2023-12-03,2023-12-11,True,1,NONE,False,284,No special notes,8.0,False
TXN-300815,ORD-200815,CUST-100815,36.0,Non-binary,2024-05-20,2024-12-14 23:00:00,Kenya,Eldoret,0.52036,35.269779,In-Store,Cash,KES,Home,PRD-6909,4,2146.44,0.327,0.0,2024-12-12,2024-12-18,True,3,NONE,False,58,Customer called support,6.0,False
TXN-300816,ORD-200816,CUST-100816,24.0,Male,2022-06-01,2023-01-24 12:00:00,Kenya,Eldoret,0.52036,35.269779,In-Store,MPesa,KES,Groceries,PRD-9017,2,344.35,0.147,0.0,2023-01-23,2023-01-28,False,4,BUNDLE15,False,6,First-time buyer,5.0,False
TXN-300485,ORD-200485,CUST-100485,27.0,Prefer not to say,2024-09-14,2025-01-01 07:00:00,Kenya,Kisumu,-0.102206,34.761711,In-Store,MPesa,USD,Groceries,PRD-5813,1,1.49,0.055,0.0,2025-01-05,2025-01-15,False,4,LOYAL5,True,2,First-time buyer,10.0,False
TXN-300405,ORD-200405,CUST-100405,47.0,Female,2024-11-26,2024-12-26 05:00:00,Rwanda,Kigali,-1.9441,30.0619,In-Store,MPesa,KES,Groceries,PRD-7373,1,320.57,0.0,910.34,2024-12-29,,False,5,NONE,False,12,Delayed shipment,,False
TXN-300239,ORD-200239,CUST-100239,52.0,Male,2025-08-02,2025-12-12 21:00:00,Kenya,Nairobi,-1.286389,36.817223,In-Store,Cash,USD,Health,PRD-4368,1,5.04,0.178,0.0,2025-12-05,2025-12-08,False,3,LOYAL5,True,5,Customer called support,3.0,False
TXN-300135,ORD-200135,CUST-100135,53.0,Female,2024-03-16,2024-11-02 22:00:00,Rwanda,Kigali,-1.9441,30.0619,Online,MPesa,USD,Clothing,PRD-6974,1,12.22,0.152,1.64,2024-10-25,2024-10-31,False,3,BUNDLE15,False,16,Delayed shipment,6.0,False
TXN-300164,ORD-200164,CUST-100164,57.0,Male,2024-07-03,2025-01-25 03:00:00,Kenya,Mombasa,-4.043477,39.668206,Online,MPesa,KES,Beauty,PRD-4659,2,1020.91,0.208,860.8,2025-02-02,2025-02-07,False,3,NONE,False,25,No special notes,5.0,False
TXN-300028,ORD-200028,CUST-100028,42.0,Female,2024-10-28,2025-04-19 15:00:00,Uganda,Kampala,0.347596,32.58252,Online,MPesa,KES,Electronics,PRD-6368,2,21831.7,0.341,1180.74,2025-04-11,2025-04-16,False,5,NONE,False,300,Bulk purchase,5.0,False
TXN-300457,ORD-200457,CUST-100457,55.0,Male,2025-01-01,2025-01-19 17:00:00,Kenya,Eldoret,0.52036,35.269779,In-Store,Credit Card,KES,Groceries,PRD-9562,1,142.86,0.18,861.75,2025-01-23,2025-02-02,False,5,FLASH20,False,10,Used promo code,10.0,False
TXN-300193,ORD-200193,CUST-100193,32.0,Female,2022-10-03,2023-05-23 09:00:00,Kenya,Nakuru,-0.303099,36.080025,Online,MPesa,KES,Clothing,PRD-6322,4,2857.94,0.097,502.12,2023-06-01,2023-06-05,False,4,WELCOME10,False,108,Bulk purchase,4.0,False
TXN-300367,ORD-200367,CUST-100367,52.0,Male,2025-07-15,2025-12-06 01:00:00,Kenya,Nakuru,-0.303099,36.080025,In-Store,MPesa,KES,Home,PRD-3358,1,2190.29,0.218,0.0,2025-12-02,2025-12-09,True,4,BUNDLE15,False,17,First-time buyer,7.0,False
TXN-300467,ORD-200467,CUST-100467,19.0,Male,2024-06-18,2025-03-29 23:00:00,Uganda,Entebbe,0.0487,32.4435,In-Store,MPesa,KES,Clothing,PRD-3493,1,2348.77,0.095,1104.3,2025-04-03,2025-04-04,False,4,FLASH20,True,32,VIP customer,1.0,False
TXN-300352,ORD-200352,CUST-100352,36.0,Female,2024-04-29,2025-01-31 05:00:00,Kenya,Nakuru,-0.303099,36.080025,In-Store,MPesa,KES,Groceries,PRD-6512,1,228.15,0.33,197.25,2025-02-07,2025-02-14,False,5,NONE,False,4,Requested gift wrap,7.0,False
TXN-300140,ORD-200140,CUST-100140,69.0,Male,2023-01-26,2023-04-22 14:00:00,Ethiopia,Adama,8.5406,39.27,Online,MPesa,KES,Home,PRD-7071,1,2482.45,0.202,1252.87,2023-04-23,2023-04-23,False,4,FLASH20,True,32,Customer called support,0.0,False
TXN-300173,ORD-200173,CUST-100173,65.0,Female,2025-05-08,2025-05-29 19:00:00,Ethiopia,Adama,8.5406,39.27,In-Store,MPesa,KES,Health,PRD-6220,2,732.19,0.058,0.0,2025-05-21,2025-05-25,False,3,BUNDLE15,True,14,Bulk purchase,4.0,False
TXN-300006,ORD-200006,CUST-100006,69.0,Male,2024-06-02,2025-05-13 05:00:00,Rwanda,Butare,-2.598,29.7396,Online,MPesa,KES,Home,PRD-1713,1,1543.14,0.0,473.34,2025-05-21,2025-05-28,False,4,WELCOME10,False,20,Requested gift wrap,7.0,False
TXN-300559,ORD-200559,CUST-100559,41.0,Female,2022-11-21,2023-09-21 21:00:00,Uganda,Entebbe,0.0487,32.4435,Online,Credit Card,KES,Electronics,PRD-1017,1,7479.95,0.415,1497.2,2023-09-25,,False,4,NONE,False,59,Delayed shipment,,False
TXN-300344,ORD-200344,CUST-100344,57.0,Male,2023-05-30,2023-12-08 07:00:00,Kenya,Nakuru,-0.303099,36.080025,Online,Bank Transfer,KES,Groceries,PRD-1178,1,399.72,0.0,243.06,2023-12-07,,False,3,NONE,False,6,Used promo code,,False
TXN-300073,ORD-200073,CUST-100073,36.0,Female,2023-12-26,2024-05-28 07:00:00,Tanzania,Dar es Salaam,-6.7924,39.2083,Online,Cash,KES,Groceries,PRD-5542,1,439.71,0.098,1520.04,2024-06-04,2024-06-08,False,4,NONE,True,19,Bulk purchase,4.0,False
TXN-300595,ORD-200595,CUST-100595,39.0,Male,2022-11-28,2023-03-10 20:00:00,Kenya,Mombasa,-4.043477,39.668206,In-Store,PayPal,KES,Clothing,PRD-1425,1,1963.92,0.078,176.62,2023-03-10,2023-03-19,False,5,FLASH20,False,20,First-time buyer,9.0,False
TXN-300299,ORD-200299,CUST-100299,37.0,Female,2025-04-04,2025-09-26 13:00:00,Kenya,Eldoret,0.52036,35.269779,Online,Cash,KES,Beauty,PRD-9771,2,1193.69,0.245,992.94,2025-09-30,2025-10-06,False,5,WELCOME10,False,28,Requested gift wrap,6.0,False
TXN-300420,ORD-200420,CUST-100420,24.0,Male,2023-09-10,2024-02-03 11:00:00,Kenya,Nakuru,-0.303099,36.080025,In-Store,MPesa,KES,Clothing,PRD-4651,1,2614.76,0.131,0.0,2024-01-31,2024-02-04,False,3,BUNDLE15,False,23,Bulk purchase,4.0,False
TXN-300145,ORD-200145,CUST-100145,36.0,Female,2023-10-06,2024-01-25 01:00:00,Rwanda,Kigali,-1.9441,30.0619,Online,MPesa,KES,Beauty,PRD-5953,1,924.06,0.013,631.2,2024-01-20,2024-01-25,False,5,NONE,False,15,Bulk purchase,5.0,False
TXN-300234,ORD-200234,CUST-100234,35.0,Female,2023-07-11,2024-07-02 02:00:00,Ethiopia,Addis Ababa,8.9806,38.7578,In-Store,MPesa,KES,Groceries,PRD-2921,2,144.22,0.286,0.0,2024-06-30,2024-07-10,False,5,LOYAL5,False,2,VIP customer,10.0,False
TXN-300220,ORD-200220,CUST-100220,38.0,Female,2022-06-29,2023-02-15 12:00:00,Uganda,Entebbe,0.0487,32.4435,Online,MPesa,KES,Groceries,PRD-1101,1,217.72,0.109,756.95,2023-02-07,2023-02-11,False,4,BUNDLE15,False,10,No special notes,4.0,False
TXN-300651,ORD-200651,CUST-100651,69.0,Female,2023-08-25,2024-06-04 10:00:00,Kenya,Nairobi,-1.286389,36.817223,In-Store,MPesa,KES,Home,PRD-4528,3,723.61,0.087,0.0,2024-06-09,2024-06-11,False,4,WELCOME10,False,20,Customer called support,2.0,False
TXN-300359,ORD-200359,CUST-100359,60.0,Male,2024-04-29,2024-05-12 06:00:00,Kenya,Mombasa,-4.043477,39.668206,Online,MPesa,KES,Groceries,PRD-3787,2,273.75,0.174,610.03,2024-05-11,2024-05-12,False,4,NONE,False,11,Used promo code,1.0,False
TXN-300132,ORD-200132,CUST-100132,38.0,Female,2024-03-17,2024-10-05 09:00:00,Uganda,Kampala,0.347596,32.58252,In-Store,MPesa,KES,Groceries,PRD-5661,2,299.93,0.212,0.0,2024-10-10,2024-10-20,False,5,NONE,False,5,First-time buyer,10.0,False
TXN-300422,ORD-200422,CUST-100422,19.0,Female,2024-09-23,2025-08-06 22:00:00,Kenya,Kisumu,-0.102206,34.761711,Online,MPesa,KES,Electronics,PRD-5749,5,18447.1,0.136,655.34,2025-08-05,2025-08-15,False,4,NONE,False,803,VIP customer,10.0,False
TXN-300768,ORD-200768,CUST-100768,57.0,Male,2025-10-29,2025-11-07 19:00:00,Tanzania,Mwanza,-2.5164,32.9179,In-Store,,KES,Electronics,PRD-6383,3,16137.1,0.244,0.0,2025-11-12,,False,4,NONE,False,366,No special notes,,False
TXN-300477,ORD-200477,CUST-100477,26.0,Female,2024-08-11,2025-05-31 06:00:00,Kenya,Eldoret,0.52036,35.269779,Online,MPesa,KES,Electronics,PRD-5577,1,10861.29,0.043,893.73,2025-06-04,2025-06-09,False,4,LOYAL5,False,113,No special notes,5.0,False
TXN-300041,ORD-200041,CUST-100041,40.0,Male,2022-05-12,2023-03-30 01:00:00,Kenya,Mombasa,-4.043477,39.668206,Online,Bank Transfer,KES,Health,PRD-6934,3,622.85,0.085,784.35,2023-04-02,2023-04-07,False,3,FLASH20,False,25,No special notes,5.0,False
TXN-300530,ORD-200530,CUST-100530,43.0,Female,2023-12-07,2024-05-20 06:00:00,Uganda,Kampala,0.347596,32.58252,In-Store,Cash,KES,Home,PRD-1250,2,1781.03,0.038,0.0,2024-05-25,2024-06-01,False,3,NONE,True,34,No special notes,7.0,False
TXN-300108,ORD-200108,CUST-100108,27.0,Male,2024-06-18,2025-06-19 10:00:00,Tanzania,Arusha,-3.3869,36.6829,In-Store,MPesa,KES,Groceries,PRD-7256,2,323.48,0.152,0.0,2025-06-10,2025-06-19,False,3,BUNDLE15,False,5,Used promo code,9.0,False
TXN-300786,ORD-200786,CUST-100786,36.0,Female,2023-11-29,2024-03-02 00:00:00,Kenya,Nairobi,-1.286389,36.817223,Online,Credit Card,KES,Clothing,PRD-4774,1,1544.82,0.135,594.67,2024-02-24,2024-02-25,False,4,FLASH20,False,19,No special notes,1.0,False
TXN-300056,ORD-200056,CUST-100056,69.0,Male,2023-06-24,2023-09-29 18:00:00,Ethiopia,Adama,8.5406,39.27,In-Store,MPesa,USD,Health,PRD-9730,1,7.67,0.28,0.0,2023-09-27,2023-10-07,False,4,NONE,False,7,Requested gift wrap,10.0,False
TXN-300630,ORD-200630,CUST-100630,41.0,Male,2022-11-16,2023-08-22 18:00:00,Kenya,Kisumu,-0.102206,34.761711,Online,Bank Transfer,KES,Electronics,PRD-7230,2,15247.38,0.283,308.01,2023-08-27,,False,4,NONE,False,222,First-time buyer,,False
TXN-300436,ORD-200436,CUST-100436,34.0,Male,2025-04-10,2025-11-05 03:00:00,Kenya,Kisumu,-0.102206,34.761711,Online,Credit Card,KES,Electronics,PRD-1520,1,19517.54,0.29,1368.12,2025-10-29,2025-11-04,False,5,BUNDLE15,False,152,No special notes,6.0,False
TXN-300713,ORD-200713,CUST-100713,49.0,Male,2025-02-19,2025-04-28 06:00:00,Tanzania,Dar es Salaam,-6.7924,39.2083,Online,MPesa,KES,Health,PRD-9525,3,560.81,0.172,422.7,2025-04-26,2025-05-06,False,3,NONE,False,18,Requested gift wrap,10.0,False
TXN-300024,ORD-200024,CUST-100024,,Female,2024-09-10,2025-08-09 04:00:00,Ethiopia,Addis Ababa,8.9806,38.7578,Online,MPesa,KES,Electronics,PRD-1328,2,14198.38,0.272,663.12,2025-08-15,2025-08-22,False,4,NONE,False,213,Delayed shipment,7.0,False
TXN-300449,ORD-200449,CUST-100449,24.0,Male,2023-04-20,2024-03-16 19:00:00,Ethiopia,Addis Ababa,8.9806,38.7578,Online,MPesa,KES,Electronics,PRD-8708,2,5141.16,0.185,1738.47,2024-03-20,2024-03-20,False,5,WELCOME10,False,101,Requested gift wrap,0.0,False
TXN-300396,ORD-200396,CUST-100396,67.0,Female,2022-12-06,2023-04-13 10:00:00,Kenya,Nakuru,-0.303099,36.080025,Online,Bank Transfer,KES,Electronics,PRD-2358,4,9581.88,0.371,1302.29,2023-04-06,2023-04-15,True,2,FLASH20,False,254,Delayed shipment,9.0,False
TXN-300780,ORD-200780,CUST-100780,37.0,Male,2024-01-03,2024-07-27 10:00:00,Uganda,Gulu,2.7746,32.2989,Online,MPesa,KES,Groceries,PRD-7286,2,375.15,0.137,1683.57,2024-08-01,2024-08-02,False,5,NONE,False,23,VIP customer,1.0,False
TXN-300051,ORD-200051,CUST-100051,28.0,Female,2023-12-11,2024-01-29 19:00:00,Tanzania,Mwanza,-2.5164,32.9179,Online,MPesa,KES,Home,PRD-4185,5,733.54,0.039,1215.94,2024-02-06,2024-02-12,False,4,NONE,False,47,Bulk purchase,6.0,False
TXN-300375,ORD-200375,CUST-100375,47.0,Prefer not to say,2024-11-01,2025-04-30 00:00:00,Kenya,Kisumu,-0.102206,34.761711,Online,MPesa,USD,Groceries,PRD-3184,39,2.2,0.028,4.2,2025-04-28,2025-04-30,False,4,BUNDLE15,False,114,Requested gift wrap,2.0,False
TXN-300791,ORD-200791,CUST-100791,21.0,Male,2025-05-27,2025-08-02 13:00:00,Kenya,Kisumu,-0.102206,34.761711,Online,MPesa,KES,Electronics,PRD-7896,3,19083.81,0.303,184.49,2025-08-08,2025-08-15,False,4,WELCOME10,False,401,First-time buyer,7.0,False
TXN-300552,ORD-200552,CUST-100552,54.0,Male,2022-11-22,2023-04-07 16:00:00,Uganda,Kampala,0.347596,32.58252,In-Store,MPesa,KES,Clothing,PRD-7475,1,1582.42,0.143,0.0,2023-04-05,2023-04-09,False,4,NONE,False,14,Requested gift wrap,4.0,False
TXN-300264,ORD-200264,CUST-100264,46.0,Female,2024-05-01,2025-02-27 06:00:00,Ethiopia,Addis Ababa,8.9806,38.7578,In-Store,MPesa,KES,Home,PRD-3921,4,978.99,0.244,1318.05,2025-02-23,2025-02-25,False,4,NONE,False,43,First-time buyer,2.0,False
TXN-300590,ORD-200590,CUST-100590,31.0,Male,2025-02-19,2025-06-26 14:00:00,Rwanda,Butare,-2.598,29.7396,Online,MPesa,KES,Health,PRD-7441,2,740.95,0.401,1159.7,2025-06-18,2025-06-22,False,4,BUNDLE15,False,20,Used promo code,4.0,False
TXN-300594,ORD-200594,CUST-100594,61.0,Male,2024-09-21,2025-09-11 01:00:00,Ethiopia,Addis Ababa,8.9806,38.7578,In-Store,,KES,Groceries,PRD-3425,2,334.56,0.132,210.59,2025-09-10,,False,4,FLASH20,False,8,Delayed shipment,,False
TXN-300741,ORD-200741,CUST-100741,46.0,Male,2024-06-24,2025-03-03 23:00:00,Tanzania,Dar es Salaam,-6.7924,39.2083,Online,MPesa,KES,Groceries,PRD-9444,2,315.42,0.323,298.77,2025-02-23,2025-02-23,False,4,NONE,False,7,First-time buyer,0.0,False
TXN-300323,ORD-200323,CUST-100323,,Male,2024-03-07,2024-07-12 22:00:00,Tanzania,Mwanza,-2.5164,32.9179,In-Store,MPesa,KES,Clothing,PRD-8871,2,1705.78,0.436,0.0,2024-07-13,2024-07-16,False,5,NONE,False,19,Bulk purchase,3.0,False
TXN-300018,ORD-200018,CUST-100018,64.0,Male,2024-07-14,2025-04-29 16:00:00,Kenya,Nakuru,-0.303099,36.080025,In-Store,MPesa,KES,Clothing,PRD-9240,3,397.09,0.115,0.0,2025-05-06,2025-05-09,False,4,LOYAL5,False,11,Requested gift wrap,3.0,False
TXN-300621,ORD-200621,CUST-100621,62.0,Female,2022-10-26,2023-08-22 17:00:00,Kenya,Nairobi,-1.286389,36.817223,In-Store,MPesa,USD,Home,PRD-2261,1,7.15,0.17,0.0,2023-08-21,2023-08-21,False,5,BUNDLE15,False,8,Delayed shipment,0.0,False
TXN-300448,ORD-200448,CUST-100448,43.0,Male,2023-02-08,2023-08-12 09:00:00,Kenya,Mombasa,-4.043477,39.668206,In-Store,MPesa,KES,Health,PRD-9143,1,966.53,0.188,0.0,2023-08-05,2023-08-05,False,5,WELCOME10,False,8,Customer called support,0.0,False
TXN-300083,ORD-200083,CUST-100083,57.0,Female,2025-01-21,2025-11-12 17:00:00,Kenya,Nakuru,-0.303099,36.080025,Online,Credit Card,KES,Health,PRD-1735,1,1090.58,0.391,1014.47,2025-11-17,2025-11-19,False,5,NONE,True,17,Requested gift wrap,2.0,False
TXN-300061,ORD-200061,CUST-100061,34.0,Male,2024-05-22,2024-12-24 06:00:00,Kenya,Kisumu,-0.102206,34.761711,In-Store,MPesa,KES,Electronics,PRD-1305,1,17737.43,0.285,0.0,2024-12-20,2024-12-21,False,4,NONE,False,127,Bulk purchase,1.0,False
TXN-300272,ORD-200272,CUST-100272,,Female,2024-12-06,2025-04-05 17:00:00,Rwanda,Butare,-2.598,29.7396,In-Store,MPesa,KES,Health,PRD-9175,2,1316.65,0.093,0.0,2025-04-07,2025-04-11,False,3,NONE,False,24,No special notes,4.0,False
TXN-300285,ORD-200285,CUST-100285,61.0,Female,2024-12-10,2025-05-06 19:00:00,Uganda,Entebbe,0.0487,32.4435,In-Store,MPesa,KES,Beauty,PRD-4344,2,1763.1,0.251,1148.25,2025-05-03,2025-05-07,False,5,NONE,False,38,VIP customer,4.0,False
TXN-300351,ORD-200351,CUST-100351,61.0,Female,2023-09-17,2024-03-19 23:00:00,Kenya,Mombasa,-4.043477,39.668206,Online,Bank Transfer,KES,Health,PRD-6522,1,908.65,0.047,231.49,2024-03-17,2024-03-17,False,4,NONE,False,11,VIP customer,0.0,False
TXN-300428,ORD-200428,CUST-100428,25.0,Male,2024-09-14,2025-07-27 06:00:00,Kenya,Eldoret,0.52036,35.269779,Online,Cash,KES,Home,PRD-5846,1,3446.34,0.0,326.09,2025-07-23,2025-07-28,False,4,NONE,True,38,Delayed shipment,5.0,False
TXN-300766,ORD-200766,CUST-100766,21.0,Male,2024-10-22,2025-03-13 03:00:00,Kenya,Kisumu,-0.102206,34.761711,In-Store,MPesa,KES,Groceries,PRD-7325,2,398.35,0.016,0.0,2025-03-10,2025-03-15,False,5,NONE,False,8,Customer called support,5.0,False
TXN-300182,ORD-200182,CUST-100182,54.0,Female,2024-12-22,2025-06-05 15:00:00,Kenya,Kisumu,-0.102206,34.761711,In-Store,MPesa,KES,Clothing,PRD-6245,1,1869.34,0.086,0.0,2025-05-30,2025-06-09,False,4,LOYAL5,False,17,Delayed shipment,10.0,False
TXN-300355,ORD-200355,CUST-100355,21.0,Female,2025-09-08,2025-11-01 22:00:00,Kenya,Nakuru,-0.303099,36.080025,In-Store,MPesa,KES,Beauty,PRD-5282,1,792.29,0.0,362.81,2025-11-05,2025-11-14,False,5,BUNDLE15,False,12,Customer called support,9.0,False
TXN-300535,ORD-200535,CUST-100535,24.0,Male,2023-05-05,2024-04-15 20:00:00,Kenya,Eldoret,0.52036,35.269779,Online,MPesa,USD,Beauty,PRD-9493,1,8.27,0.096,2.64,2024-04-20,,False,3,LOYAL5,False,13,First-time buyer,,False
TXN-300223,ORD-200223,CUST-100223,35.0,Female,2024-02-07,2024-03-04 11:00:00,Tanzania,Dar es Salaam,-6.7924,39.2083,Online,MPesa,KES,Groceries,PRD-6509,2,271.41,0.444,907.61,2024-03-13,2024-03-13,False,5,NONE,False,12,Delayed shipment,0.0,False
TXN-300822,ORD-200822,CUST-100822,31.0,Female,2023-05-26,2023-08-12 21:00:00,Kenya,Eldoret,0.52036,35.269779,Online,Cash,USD,Groceries,PRD-4228,3,1.58,0.16,6.81,2023-08-06,2023-08-06,False,4,WELCOME10,False,14,VIP customer,0.0,False
TXN-300650,ORD-200650,CUST-100650,29.0,Prefer not to say,2023-10-31,2024-10-19 14:00:00,Tanzania,Mwanza,-2.5164,32.9179,Online,MPesa,USD,Groceries,PRD-3600,3,2.22,0.064,13.81,2024-10-27,2024-10-30,False,5,NONE,False,26,First-time buyer,3.0,False
TXN-300361,ORD-200361,CUST-100361,58.0,Male,2023-04-20,2023-06-02 04:00:00,Kenya,Eldoret,0.52036,35.269779,In-Store,MPesa,USD,Home,PRD-7561,1,24.84,0.273,0.0,2023-06-09,2023-06-11,False,5,BUNDLE15,False,23,VIP customer,2.0,False
TXN-300412,ORD-200412,CUST-100412,21.0,Male,2022-05-27,2023-03-13 02:00:00,Tanzania,Mwanza,-2.5164,32.9179,Online,Credit Card,USD,Electronics,PRD-3459,1,23.16,0.298,11.91,2023-03-17,2023-03-19,False,3,BUNDLE15,False,37,No special notes,2.0,False
TXN-300828,ORD-200828,CUST-100828,62.0,Male,2024-10-10,2024-11-21 09:00:00,Uganda,Entebbe,0.0487,32.4435,In-Store,MPesa,KES,Electronics,PRD-2639,1,22737.38,0.17,0.0,2024-11-13,2024-11-20,False,3,NONE,False,189,No special notes,7.0,False
TXN-300529,ORD-200529,CUST-100529,27.0,Male,2022-09-26,2023-04-20 17:00:00,Tanzania,Dar es Salaam,-6.7924,39.2083,Online,Credit Card,KES,Electronics,PRD-1073,3,21963.96,0.042,1633.69,2023-04-15,2023-04-21,False,4,BUNDLE15,False,648,No special notes,6.0,False
TXN-300176,ORD-200176,CUST-100176,21.0,Male,2022-12-02,2023-06-06 05:00:00,Kenya,Eldoret,0.52036,35.269779,In-Store,Credit Card,KES,Groceries,PRD-4080,1,315.28,0.356,1355.09,2023-05-31,2023-06-04,False,4,WELCOME10,False,16,Delayed shipment,4.0,False
TXN-300581,ORD-200581,CUST-100581,41.0,Male,2023-07-01,2023-09-11 21:00:00,Kenya,Nakuru,-0.303099,36.080025,In-Store,Credit Card,KES,Groceries,PRD-3607,1,429.32,0.025,0.0,2023-09-06,2023-09-07,False,3,WELCOME10,False,4,Delayed shipment,1.0,False
TXN-300814,ORD-200814,CUST-100814,53.0,Female,2023-09-21,2024-07-01 20:00:00,Ethiopia,Addis Ababa,8.9806,38.7578,Online,Credit Card,KES,Home,PRD-5433,1,3225.08,0.055,1226.39,2024-07-03,2024-07-13,False,4,NONE,False,43,Requested gift wrap,10.0,False
TXN-300163,ORD-200163,CUST-100163,20.0,Male,2024-09-20,2024-10-22 22:00:00,Kenya,Nairobi,-1.286389,36.817223,Online,,USD,Groceries,PRD-7517,3,2.29,0.416,1.76,2024-10-21,2024-10-24,False,5,LOYAL5,False,8,Customer called support,3.0,False
TXN-300248,ORD-200248,CUST-100248,61.0,Male,2024-08-12,2024-11-22 19:00:00,Kenya,Mombasa,-4.043477,39.668206,In-Store,MPesa,KES,Home,PRD-5789,2,1619.2,0.241,0.0,2024-11-30,2024-12-04,False,5,LOYAL5,False,25,Requested gift wrap,4.0,False
TXN-300714,ORD-200714,CUST-100714,55.0,Female,2024-08-23,2024-12-19 16:00:00,Kenya,Nairobi,-1.286389,36.817223,Online,Credit Card,KES,Clothing,PRD-1730,2,1406.78,0.315,749.61,2024-12-15,2024-12-17,False,3,WELCOME10,False,27,First-time buyer,2.0,False
TXN-300762,ORD-200762,CUST-100762,51.0,Male,2022-09-30,2023-04-01 20:00:00,Kenya,Nairobi,-1.286389,36.817223,Online,Credit Card,KES,Home,PRD-6556,2,4986.27,0.17,246.58,2023-03-30,2023-04-04,False,4,NONE,False,85,Customer called support,5.0,False
TXN-300074,ORD-200074,CUST-100074,45.0,Female,2024-09-21,2024-10-05 16:00:00,Ethiopia,Addis Ababa,8.9806,38.7578,Online,MPesa,KES,Beauty,PRD-6491,2,1107.12,0.232,1477.4,2024-10-09,2024-10-09,False,4,NONE,False,32,VIP customer,0.0,False
TXN-300113,ORD-200113,CUST-100113,69.0,Male,2022-05-19,2023-03-31 21:00:00,Kenya,Eldoret,0.52036,35.269779,In-Store,MPesa,KES,Groceries,PRD-4179,1,297.61,0.141,0.0,2023-04-06,2023-04-11,False,5,LOYAL5,False,3,Bulk purchase,5.0,False
TXN-300578,ORD-200578,CUST-100578,19.0,Male,2025-01-19,2025-05-09 05:00:00,Kenya,Nakuru,-0.303099,36.080025,In-Store,MPesa,KES,Clothing,PRD-9864,1,1171.71,0.143,1105.18,2025-05-08,2025-05-12,False,4,LOYAL5,False,21,Delayed shipment,4.0,False
TXN-300671,ORD-200671,CUST-100671,36.0,Male,2022-06-22,2023-01-27 02:00:00,Uganda,Entebbe,0.0487,32.4435,In-Store,MPesa,KES,Clothing,PRD-1003,4,1085.78,0.185,0.0,2023-01-25,2023-01-30,False,4,WELCOME10,False,35,VIP customer,5.0,False
TXN-300104,ORD-200104,CUST-100104,37.0,Male,2024-04-05,2025-03-10 13:00:00,Kenya,Kisumu,-0.102206,34.761711,In-Store,MPesa,USD,Home,PRD-7070,2,14.71,0.056,11.06,2025-03-05,2025-03-14,False,4,BUNDLE15,False,50,No special notes,9.0,False
TXN-300114,ORD-200114,CUST-100114,57.0,Male,2024-01-05,2024-04-29 22:00:00,Kenya,Mombasa,-4.043477,39.668206,Online,Cash,KES,Groceries,PRD-7214,6,228.24,0.408,756.64,2024-04-29,2024-05-02,False,5,NONE,False,16,Delayed shipment,3.0,False
TXN-300362,ORD-200362,CUST-100362,52.0,Male,2025-02-06,2025-04-29 06:00:00,Rwanda,Butare,-2.598,29.7396,In-Store,MPesa,KES,Electronics,PRD-7352,2,29552.35,0.32,0.0,2025-05-01,2025-05-09,True,4,WELCOME10,False,402,First-time buyer,8.0,False
TXN-300092,ORD-200092,CUST-100092,63.0,Male,2024-04-25,2025-03-09 03:00:00,Kenya,Nakuru,-0.303099,36.080025,In-Store,MPesa,KES,Groceries,PRD-1671,5,294.88,0.385,0.0,2025-03-15,2025-03-15,False,4,BUNDLE15,False,9,Delayed shipment,0.0,False
TXN-300723,ORD-200723,CUST-100723,36.0,Male,2022-07-19,2023-05-25 21:00:00,Tanzania,Arusha,-3.3869,36.6829,Online,Bank Transfer,USD,Groceries,PRD-6482,1,2.03,0.355,7.55,2023-05-20,2023-05-20,False,4,BUNDLE15,False,12,First-time buyer,0.0,False
TXN-300089,ORD-200089,CUST-100089,56.0,Male,2025-11-15,2025-12-16 00:00:00,Kenya,Nakuru,-0.303099,36.080025,Online,Cash,KES,Electronics,PRD-7234,2,15551.23,0.326,1380.03,2025-12-07,2025-12-11,False,5,BUNDLE15,True,223,First-time buyer,4.0,False
TXN-300336,ORD-200336,CUST-100336,45.0,Female,2023-01-09,2023-04-02 17:00:00,Tanzania,Arusha,-3.3869,36.6829,In-Store,MPesa,KES,Electronics,PRD-4390,1,18631.01,0.162,0.0,2023-04-04,2023-04-14,False,4,NONE,False,156,Bulk purchase,10.0,False
TXN-300482,ORD-200482,CUST-100482,51.0,Male,2024-01-09,2024-04-15 13:00:00,Uganda,Entebbe,0.0487,32.4435,In-Store,Credit Card,KES,Groceries,PRD-4083,6,285.28,0.2,0.0,2024-04-15,2024-04-18,False,4,NONE,False,14,No special notes,3.0,False
TXN-300792,ORD-200792,CUST-100792,58.0,Male,2023-04-11,2023-10-19 13:00:00,Uganda,Kampala,0.347596,32.58252,In-Store,Credit Card,KES,Clothing,PRD-8483,2,1533.35,0.044,0.0,2023-10-16,2023-10-18,False,4,WELCOME10,False,29,Used promo code,2.0,False
TXN-300803,ORD-200803,CUST-100803,21.0,Male,2022-05-16,2023-02-08 21:00:00,Uganda,Kampala,0.347596,32.58252,In-Store,MPesa,KES,Groceries,PRD-7876,1,211.5,0.305,0.0,2023-02-16,2023-02-20,False,5,WELCOME10,False,1,VIP customer,4.0,False
TXN-300526,ORD-200526,CUST-100526,42.0,Male,2024-08-18,2025-04-11 06:00:00,Rwanda,Kigali,-1.9441,30.0619,In-Store,MPesa,KES,Electronics,PRD-7861,15,11295.08,0.326,1515.67,2025-04-06,2025-04-15,False,5,NONE,False,1156,Bulk purchase,9.0,False
TXN-300531,ORD-200531,CUST-100531,22.0,Female,2023-05-14,2024-01-28 07:00:00,Uganda,Kampala,0.347596,32.58252,In-Store,MPesa,KES,Beauty,PRD-3497,1,1570.0,0.232,0.0,2024-01-20,2024-01-27,False,5,LOYAL5,True,12,Delayed shipment,7.0,False
TXN-300094,ORD-200094,CUST-100094,18.0,Female,2024-10-13,2024-11-13 13:00:00,Kenya,Nakuru,-0.303099,36.080025,In-Store,MPesa,KES,Clothing,PRD-8439,1,2125.05,0.061,0.0,2024-11-14,2024-11-24,False,3,FLASH20,False,20,Bulk purchase,10.0,False
TXN-300011,ORD-200011,CUST-100011,49.0,Male,2023-11-06,2024-01-25 22:00:00,Uganda,Kampala,0.347596,32.58252,In-Store,MPesa,KES,Groceries,PRD-6375,1,325.22,0.248,0.0,2024-01-21,2024-01-23,False,4,LOYAL5,False,2,Used promo code,2.0,False
TXN-300398,ORD-200398,CUST-100398,56.0,Female,2022-08-31,2023-02-10 10:00:00,Tanzania,Mwanza,-2.5164,32.9179,In-Store,Credit Card,KES,Home,PRD-1307,3,3756.7,0.229,0.0,2023-02-06,2023-02-06,False,5,NONE,False,87,First-time buyer,0.0,False
TXN-300043,ORD-200043,CUST-100043,25.0,Non-binary,2023-07-16,2024-05-15 23:00:00,Uganda,Gulu,2.7746,32.2989,Online,Credit Card,KES,Home,PRD-5659,1,2962.31,0.463,373.03,2024-05-23,2024-05-28,False,4,NONE,False,20,No special notes,5.0,False
TXN-300042,ORD-200042,CUST-100042,50.0,Male,2025-07-18,2025-08-19 01:00:00,Tanzania,Dar es Salaam,-6.7924,39.2083,Online,Credit Card,KES,Clothing,PRD-6568,1,2195.86,0.137,801.63,2025-08-13,,False,4,BUNDLE15,False,27,VIP customer,,False
TXN-300329,ORD-200329,CUST-100329,44.0,Female,2025-04-02,2025-05-01 12:00:00,Kenya,Eldoret,0.52036,35.269779,Online,Cash,KES,Electronics,PRD-1265,3,18142.84,0.071,568.5,2025-05-10,2025-05-10,False,5,BUNDLE15,False,511,First-time buyer,0.0,False
TXN-300167,ORD-200167,CUST-100167,69.0,Male,2022-11-30,2023-05-17 11:00:00,Tanzania,Dar es Salaam,-6.7924,39.2083,Online,MPesa,KES,Groceries,PRD-6673,4,271.23,0.401,338.13,2023-05-27,2023-06-05,False,5,BUNDLE15,False,10,Requested gift wrap,9.0,False
TXN-300755,ORD-200755,CUST-100755,32.0,Male,2022-02-09,2022-12-30 06:00:00,Kenya,Nakuru,-0.303099,36.080025,Online,MPesa,KES,Groceries,PRD-4752,4,273.07,0.0,1303.47,2023-01-05,2023-01-11,False,4,BUNDLE15,False,24,Requested gift wrap,6.0,False
TXN-300754,ORD-200754,CUST-100754,28.0,Female,2024-01-14,2024-12-27 12:00:00,Rwanda,Butare,-2.598,29.7396,Online,Bank Transfer,KES,Electronics,PRD-7067,1,18636.11,0.125,1072.96,2024-12-25,2025-01-03,False,4,NONE,False,174,First-time buyer,9.0,False
TXN-300656,ORD-200656,CUST-100656,47.0,Male,2024-12-25,2025-07-09 02:00:00,Ethiopia,Addis Ababa,8.9806,38.7578,Online,MPesa,KES,Health,PRD-1767,2,581.84,0.088,1034.96,2025-07-07,2025-07-08,False,4,WELCOME10,False,21,No special notes,1.0,False
TXN-300462,ORD-200462,CUST-100462,37.0,Male,2024-12-05,2025-10-30 17:00:00,Kenya,Mombasa,-4.043477,39.668206,In-Store,,USD,Electronics,PRD-1721,2,155.58,0.257,0.0,2025-10-21,2025-10-27,False,4,LOYAL5,False,301,First-time buyer,6.0,False
TXN-300178,ORD-200178,CUST-100178,26.0,Female,2023-02-25,2023-05-29 20:00:00,Ethiopia,Addis Ababa,8.9806,38.7578,Online,MPesa,KES,Electronics,PRD-5005,22,7338.87,0.2,1381.17,2023-05-24,2023-06-01,False,4,BUNDLE15,False,1306,Requested gift wrap,8.0,False
TXN-300644,ORD-200644,CUST-100644,43.0,Male,2024-06-25,2024-12-31 13:00:00,Kenya,Nakuru,-0.303099,36.080025,Online,MPesa,KES,Groceries,PRD-5288,2,253.64,0.36,455.72,2024-12-26,2024-12-30,False,4,BUNDLE15,False,8,Delayed shipment,4.0,False
TXN-300711,ORD-200711,CUST-100711,29.0,Female,2024-07-09,2024-07-21 21:00:00,Uganda,Entebbe,0.0487,32.4435,Online,MPesa,KES,Groceries,PRD-7450,3,464.68,0.051,1349.52,2024-07-27,2024-07-31,False,4,NONE,False,27,Used promo code,4.0,False
TXN-300177,ORD-200177,CUST-100177,48.0,Female,2022-12-29,2023-09-14 12:00:00,Tanzania,Dar es Salaam,-6.7924,39.2083,In-Store,Credit Card,KES,Electronics,PRD-3460,4,15255.29,0.387,0.0,2023-09-20,2023-09-26,False,4,NONE,False,374,Used promo code,6.0,False
TXN-300589,ORD-200589,CUST-100589,58.0,Female,2024-08-09,2025-03-11 07:00:00,Kenya,Nairobi,-1.286389,36.817223,In-Store,MPesa,KES,Electronics,PRD-7109,3,19740.76,0.498,0.0,2025-03-07,2025-03-07,False,4,LOYAL5,False,297,Bulk purchase,0.0,False
TXN-300687,ORD-200687,CUST-100687,61.0,Female,2024-08-28,2024-10-22 21:00:00,Uganda,Gulu,2.7746,32.2989,In-Store,MPesa,KES,Health,PRD-8282,1,677.83,0.16,0.0,2024-10-23,2024-10-21,False,4,NONE,True,6,Delayed shipment,-2.0,False
TXN-300596,ORD-200596,CUST-100596,52.0,Male,2024-06-06,2024-07-02 01:00:00,Kenya,Nairobi,-1.286389,36.817223,In-Store,MPesa,KES,Clothing,PRD-2787,1,1063.48,0.053,638.28,2024-06-29,2024-07-04,False,5,FLASH20,False,16,Delayed shipment,5.0,False
TXN-300257,ORD-200257,CUST-100257,55.0,Female,2024-06-12,2024-07-25 18:00:00,Kenya,Kisumu,-0.102206,34.761711,In-Store,Cash,KES,Beauty,PRD-8978,3,1126.14,0.311,0.0,2024-07-23,2024-07-26,False,3,NONE,False,23,Requested gift wrap,3.0,False
TXN-300404,ORD-200404,CUST-100404,53.0,Female,2024-05-08,2024-08-08 12:00:00,Tanzania,Mwanza,-2.5164,32.9179,In-Store,MPesa,KES,Health,PRD-2664,2,536.19,0.276,0.0,2024-08-18,2024-08-27,False,4,LOYAL5,False,8,Delayed shipment,9.0,False
TXN-300335,ORD-200335,CUST-100335,29.0,Female,2025-04-09,2025-09-30 19:00:00,Kenya,Mombasa,-4.043477,39.668206,In-Store,MPesa,KES,Clothing,PRD-5676,5,803.33,0.291,0.0,2025-10-05,2025-10-10,False,3,NONE,False,28,VIP customer,5.0,False
TXN-300534,ORD-200534,CUST-100534,51.0,Non-binary,2023-09-11,2024-05-28 17:00:00,Kenya,Mombasa,-4.043477,39.668206,In-Store,Cash,KES,Clothing,PRD-1297,1,1889.57,0.323,413.51,2024-06-01,2024-06-07,False,5,LOYAL5,False,17,VIP customer,6.0,False
TXN-300015,ORD-200015,CUST-100015,50.0,Female,2022-09-17,2023-01-29 21:00:00,Uganda,Entebbe,0.0487,32.4435,In-Store,MPesa,KES,Groceries,PRD-9751,1,391.17,0.362,316.06,2023-01-22,2023-01-28,False,5,NONE,True,6,Used promo code,6.0,False
TXN-300003,ORD-200003,CUST-100003,36.0,Male,2023-06-04,2024-04-05 23:00:00,Uganda,Gulu,2.7746,32.2989,In-Store,MPesa,KES,Home,PRD-4283,6,3428.29,0.371,0.0,2024-04-11,2024-04-18,False,4,NONE,False,129,VIP customer,7.0,False
TXN-300760,ORD-200760,CUST-100760,45.0,Male,2023-09-17,2024-08-28 11:00:00,Kenya,Nakuru,-0.303099,36.080025,Online,MPesa,KES,Electronics,PRD-5438,3,24695.96,0.165,1352.6,2024-08-23,2024-09-01,False,3,BUNDLE15,False,632,Customer called support,9.0,False
TXN-300256,ORD-200256,CUST-100256,25.0,Male,2023-10-02,2024-07-26 06:00:00,Kenya,Eldoret,0.52036,35.269779,Online,PayPal,KES,Groceries,PRD-5907,5,362.97,0.11,1354.89,2024-07-19,2024-07-20,False,4,NONE,False,30,Used promo code,1.0,False
TXN-300743,ORD-200743,CUST-100743,35.0,Male,2025-04-27,2025-07-05 23:00:00,Kenya,Nairobi,-1.286389,36.817223,Online,MPesa,KES,Groceries,PRD-8801,1,278.64,0.165,194.94,2025-06-29,2025-07-07,False,5,LOYAL5,False,4,First-time buyer,8.0,False
TXN-300439,ORD-200439,CUST-100439,40.0,Female,2024-11-26,2025-07-05 12:00:00,Kenya,Nairobi,-1.286389,36.817223,Online,PayPal,KES,Groceries,PRD-7258,1,304.0,0.017,872.0,2025-07-01,2025-07-03,False,4,WELCOME10,False,12,Customer called support,2.0,False
TXN-300382,ORD-200382,CUST-100382,24.0,Male,2023-03-12,2023-04-21 09:00:00,Kenya,Mombasa,-4.043477,39.668206,In-Store,,KES,Groceries,PRD-1513,1,426.38,0.174,978.5,2023-04-25,2023-05-05,False,4,FLASH20,True,13,VIP customer,10.0,False
TXN-300222,ORD-200222,CUST-100222,61.0,Female,2023-08-10,2024-07-20 18:00:00,Uganda,Kampala,0.347596,32.58252,In-Store,MPesa,KES,Home,PRD-2180,2,3065.89,0.312,1670.89,2024-07-16,2024-07-20,True,3,WELCOME10,False,59,Used promo code,4.0,False
TXN-300468,ORD-200468,CUST-100468,38.0,Male,2025-03-27,2025-07-14 16:00:00,Rwanda,Kigali,-1.9441,30.0619,Online,Cash,KES,Beauty,PRD-3979,3,1357.31,0.168,1736.48,2025-07-17,2025-07-26,False,3,NONE,True,51,Requested gift wrap,9.0,False
TXN-300585,ORD-200585,CUST-100585,66.0,Female,2024-06-10,2024-06-27 20:00:00,Kenya,Nakuru,-0.303099,36.080025,In-Store,MPesa,USD,Clothing,PRD-6634,2,6.18,0.206,0.0,2024-06-25,2024-07-05,False,5,NONE,False,13,First-time buyer,10.0,False
TXN-300388,ORD-200388,CUST-100388,45.0,Female,2024-08-24,2025-02-05 12:00:00,Kenya,Kisumu,-0.102206,34.761711,Online,Bank Transfer,USD,Groceries,PRD-8598,1,1.86,0.5,11.06,2025-01-30,2025-02-09,False,5,BUNDLE15,False,16,Requested gift wrap,10.0,False
TXN-300324,ORD-200324,CUST-100324,44.0,Female,2023-11-10,2024-05-07 22:00:00,Uganda,Gulu,2.7746,32.2989,In-Store,Credit Card,KES,Electronics,PRD-5014,2,26637.67,0.0,497.16,2024-05-02,2024-05-07,False,5,LOYAL5,False,538,VIP customer,5.0,False
TXN-300513,ORD-200513,CUST-100513,44.0,Male,2023-08-21,2024-03-31 10:00:00,Uganda,Entebbe,0.0487,32.4435,In-Store,MPesa,KES,Home,PRD-5383,5,1918.6,0.081,0.0,2024-03-25,2024-03-31,False,4,BUNDLE15,False,88,Customer called support,6.0,False
TXN-300009,ORD-200009,CUST-100009,42.0,Male,2023-02-16,2023-12-03 10:00:00,Kenya,Nairobi,-1.286389,36.817223,Online,MPesa,USD,Electronics,PRD-2890,3,246.64,0.021,7.2,2023-12-10,2023-12-18,False,5,NONE,False,951,VIP customer,8.0,False
TXN-300249,ORD-200249,CUST-100249,57.0,Male,2025-01-10,2025-09-22 12:00:00,Kenya,Nakuru,-0.303099,36.080025,Online,MPesa,KES,Home,PRD-1533,1,3405.63,0.269,1281.54,2025-09-19,2025-09-17,False,5,NONE,False,38,Bulk purchase,-2.0,False
TXN-300022,ORD-200022,CUST-100022,28.0,Female,2024-12-16,2025-08-24 19:00:00,Kenya,Mombasa,-4.043477,39.668206,In-Store,Cash,KES,Groceries,PRD-7932,5,225.67,0.055,0.0,2025-09-02,2025-09-09,False,4,WELCOME10,False,11,No special notes,7.0,False
TXN-300356,ORD-200356,CUST-100356,20.0,Male,2024-12-21,2025-02-28 02:00:00,Kenya,Nakuru,-0.303099,36.080025,Online,Credit Card,KES,Electronics,PRD-6528,3,20.0,0.273,844.27,2025-03-02,2025-03-10,False,4,NONE,False,9,VIP customer,8.0,False
TXN-300221,ORD-200221,CUST-100221,58.0,Female,2022-09-29,2023-08-14 19:00:00,Tanzania,Dar es Salaam,-6.7924,39.2083,In-Store,Credit Card,KES,Groceries,PRD-4135,2,229.96,0.156,1696.56,2023-08-18,2023-08-26,False,4,BUNDLE15,False,21,VIP customer,8.0,False
TXN-300582,ORD-200582,CUST-100582,41.0,Male,2022-12-15,2023-06-11 21:00:00,Kenya,Nakuru,-0.303099,36.080025,Online,PayPal,USD,Electronics,PRD-4332,2,182.12,0.401,2.39,2023-06-15,2023-06-16,False,4,BUNDLE15,True,287,VIP customer,1.0,False
TXN-300742,ORD-200742,CUST-100742,18.0,Female,2024-04-06,2025-02-08 10:00:00,Uganda,Gulu,2.7746,32.2989,Online,MPesa,KES,Groceries,PRD-3768,2,302.13,0.141,541.86,2025-02-15,2025-02-21,False,4,LOYAL5,False,11,First-time buyer,6.0,False
TXN-300846,ORD-200846,CUST-100846,33.0,Female,2023-11-01,2023-12-31 19:00:00,Uganda,Gulu,2.7746,32.2989,Online,Cash,KES,Home,PRD-8426,4,1859.83,0.126,1107.73,2024-01-06,2024-01-06,False,3,BUNDLE15,False,76,No special notes,0.0,False
TXN-300545,ORD-200545,CUST-100545,42.0,Male,2022-06-26,2023-02-12 12:00:00,Rwanda,Butare,-2.598,29.7396,Online,MPesa,KES,Home,PRD-5590,5,1880.27,0.4,387.39,2023-02-20,2023-02-20,True,4,NONE,False,60,Used promo code,0.0,False
TXN-300340,ORD-200340,CUST-100340,48.0,Female,2024-10-31,2025-06-20 03:00:00,Kenya,Nairobi,-1.286389,36.817223,Online,MPesa,KES,Health,PRD-6724,1,552.34,0.097,441.42,2025-06-30,2025-07-10,False,4,NONE,False,9,Delayed shipment,10.0,False
TXN-300720,ORD-200720,CUST-100720,29.0,Male,2022-11-26,2023-08-07 03:00:00,Tanzania,Dar es Salaam,-6.7924,39.2083,Online,MPesa,KES,Electronics,PRD-7928,4,16998.0,0.3,1558.47,2023-08-13,2023-08-18,False,4,NONE,False,492,VIP customer,5.0,False
TXN-300203,ORD-200203,CUST-100203,,Male,2025-05-08,2025-05-21 10:00:00,Kenya,Mombasa,-4.043477,39.668206,Online,MPesa,KES,Home,PRD-7463,1,2237.12,0.241,1273.55,2025-05-27,2025-05-30,False,5,LOYAL5,False,30,VIP customer,3.0,False
TXN-300237,ORD-200237,CUST-100237,50.0,Female,2022-10-02,2023-05-31 02:00:00,Kenya,Kisumu,-0.102206,34.761711,Online,MPesa,USD,Groceries,PRD-5848,3,1.65,0.27,3.52,2023-06-07,2023-06-14,False,4,BUNDLE15,False,9,Delayed shipment,7.0,False
TXN-300093,ORD-200093,CUST-100093,41.0,Male,2022-12-30,2023-04-14 15:00:00,Rwanda,Butare,-2.598,29.7396,In-Store,MPesa,KES,Clothing,PRD-2630,1,1288.11,0.351,0.0,2023-04-09,2023-04-13,False,5,NONE,False,8,Requested gift wrap,4.0,False
TXN-300450,ORD-200450,CUST-100450,46.0,Male,2025-03-14,2025-05-28 09:00:00,Tanzania,Dar es Salaam,-6.7924,39.2083,Online,Credit Card,KES,Health,PRD-5097,19,1198.24,0.337,975.64,2025-05-25,2025-05-30,True,4,NONE,False,161,Customer called support,5.0,False
TXN-300570,ORD-200570,CUST-100570,55.0,Male,2022-12-20,2023-03-07 15:00:00,Kenya,Nakuru,-0.303099,36.080025,Online,PayPal,KES,Groceries,PRD-6133,1,255.18,0.076,309.17,2023-03-16,2023-03-23,False,5,WELCOME10,False,5,No special notes,7.0,False
TXN-300542,ORD-200542,CUST-100542,61.0,Male,2022-12-15,2023-03-24 04:00:00,Kenya,Nairobi,-1.286389,36.817223,In-Store,Credit Card,KES,Home,PRD-6615,2,2770.4,0.376,0.0,2023-03-24,2023-03-29,False,4,NONE,False,35,Requested gift wrap,5.0,False
TXN-300284,ORD-200284,CUST-100284,30.0,Female,2024-02-10,2024-12-27 22:00:00,Uganda,Gulu,2.7746,32.2989,In-Store,MPesa,KES,Electronics,PRD-3204,3,12544.46,0.191,0.0,2024-12-27,2025-01-03,False,5,BUNDLE15,False,304,VIP customer,7.0,False
TXN-300184,ORD-200184,CUST-100184,42.0,Male,2025-01-27,2025-06-19 11:00:00,Tanzania,Dar es Salaam,-6.7924,39.2083,In-Store,MPesa,KES,Clothing,PRD-1676,1,1712.05,0.069,0.0,2025-06-15,2025-06-22,False,4,BUNDLE15,False,16,Used promo code,7.0,False
TXN-300696,ORD-200696,CUST-100696,60.0,Male,2022-09-06,2023-09-02 05:00:00,Kenya,Nakuru,-0.303099,36.080025,In-Store,PayPal,KES,Home,PRD-9192,3,3401.41,0.319,0.0,2023-08-31,2023-09-10,False,5,WELCOME10,False,69,Bulk purchase,10.0,False
TXN-300445,ORD-200445,CUST-100445,26.0,Female,2023-06-18,2023-12-14 02:00:00,Kenya,Mombasa,-4.043477,39.668206,In-Store,MPesa,KES,Groceries,PRD-5545,3,172.25,0.093,0.0,2023-12-05,2023-12-15,False,4,LOYAL5,False,5,VIP customer,10.0,False
TXN-300153,ORD-200153,CUST-100153,44.0,Female,2023-05-11,2023-10-29 20:00:00,Kenya,Eldoret,0.52036,35.269779,Online,MPesa,KES,Clothing,PRD-1102,2,2829.18,0.377,736.0,2023-10-21,2023-10-25,False,3,NONE,False,43,VIP customer,4.0,False
TXN-300075,ORD-200075,CUST-100075,56.0,Female,2024-05-26,2024-08-20 01:00:00,Ethiopia,Addis Ababa,8.9806,38.7578,In-Store,MPesa,KES,Home,PRD-9287,1,3587.04,0.375,318.07,2024-08-15,2024-08-24,False,4,NONE,False,26,Bulk purchase,9.0,False
TXN-300794,ORD-200794,CUST-100794,51.0,Male,2024-02-18,2024-08-28 04:00:00,Kenya,Nairobi,-1.286389,36.817223,Online,MPesa,KES,Clothing,PRD-8284,4,1609.93,0.167,650.75,2024-08-20,2024-08-29,False,4,LOYAL5,False,60,VIP customer,9.0,False
TXN-300533,ORD-200533,CUST-100533,21.0,Female,2024-06-22,2025-04-10 21:00:00,Uganda,Kampala,0.347596,32.58252,Online,MPesa,USD,Beauty,PRD-9487,3,15.56,0.277,11.47,2025-04-02,2025-04-08,False,4,WELCOME10,False,59,Used promo code,6.0,False
TXN-300277,ORD-200277,CUST-100277,55.0,Male,2023-07-25,2023-11-12 22:00:00,Kenya,Eldoret,0.52036,35.269779,Online,MPesa,KES,Groceries,PRD-6904,2,222.02,0.288,911.69,2023-11-17,2023-11-24,False,5,WELCOME10,False,12,Bulk purchase,7.0,False
TXN-300068,ORD-200068,CUST-100068,44.0,Female,2023-08-09,2024-01-19 15:00:00,Uganda,Entebbe,0.0487,32.4435,In-Store,MPesa,KES,Electronics,PRD-9370,5,18200.07,0.403,0.0,2024-01-15,,False,3,BUNDLE15,False,543,VIP customer,,False
TXN-300547,ORD-200547,CUST-100547,29.0,Female,2024-07-12,2024-12-14 18:00:00,Tanzania,Arusha,-3.3869,36.6829,In-Store,MPesa,KES,Electronics,PRD-6190,2,916.1,0.018,0.0,2024-12-17,2024-12-24,True,3,LOYAL5,False,18,First-time buyer,7.0,False
TXN-300188,ORD-200188,CUST-100188,57.0,Female,2025-07-30,2025-10-19 16:00:00,Uganda,Kampala,0.347596,32.58252,In-Store,MPesa,KES,Clothing,PRD-3031,2,1024.72,0.239,0.0,2025-10-11,2025-10-18,False,4,NONE,False,16,Bulk purchase,7.0,False
TXN-300271,ORD-200271,CUST-100271,,Female,2023-11-14,2024-05-29 10:00:00,Kenya,Kisumu,-0.102206,34.761711,Online,Credit Card,USD,Home,PRD-9743,1,16.34,0.0,8.48,2024-06-08,2024-06-11,False,4,FLASH20,False,32,VIP customer,3.0,False
TXN-300722,ORD-200722,CUST-100722,48.0,Prefer not to say,2023-01-06,2023-04-21 11:00:00,Kenya,Eldoret,0.52036,35.269779,Online,MPesa,KES,Clothing,PRD-1878,2,1679.71,0.0,182.39,2023-04-23,2023-04-26,False,4,LOYAL5,False,35,First-time buyer,3.0,False
TXN-300538,ORD-200538,CUST-100538,28.0,Male,2025-02-12,2025-11-09 06:00:00,Tanzania,Dar es Salaam,-6.7924,39.2083,In-Store,MPesa,KES,Clothing,PRD-2634,26,1691.5,0.159,568.86,2025-11-12,2025-11-20,True,3,FLASH20,False,376,Customer called support,8.0,False
TXN-300236,ORD-200236,CUST-100236,57.0,Female,2022-06-12,2023-01-25 15:00:00,Kenya,Mombasa,-4.043477,39.668206,In-Store,PayPal,USD,Health,PRD-7840,3,7.0,0.163,6.13,2023-01-17,2023-01-22,False,5,NONE,False,31,No special notes,5.0,False
TXN-300088,ORD-200088,CUST-100088,39.0,Male,2025-01-17,2025-11-20 16:00:00,Uganda,Gulu,2.7746,32.2989,Online,Cash,KES,Clothing,PRD-1613,1,1805.39,0.182,1775.48,2025-11-22,2025-11-25,False,5,FLASH20,False,33,First-time buyer,3.0,False
TXN-300733,ORD-200733,CUST-100733,51.0,Female,2024-06-05,2024-11-22 09:00:00,Uganda,Gulu,2.7746,32.2989,Online,MPesa,KES,Clothing,PRD-8776,2,1694.42,0.085,707.74,2024-11-20,2024-11-29,False,5,WELCOME10,False,38,Used promo code,9.0,False
TXN-300117,ORD-200117,CUST-100117,46.0,Male,2023-11-17,2024-06-24 06:00:00,Tanzania,Mwanza,-2.5164,32.9179,Online,MPesa,KES,Clothing,PRD-2056,2,1489.5,0.083,437.52,2024-06-24,2024-06-30,False,3,FLASH20,False,32,First-time buyer,6.0,False
TXN-300125,ORD-200125,CUST-100125,52.0,Female,2024-10-26,2025-03-05 05:00:00,Tanzania,Dar es Salaam,-6.7924,39.2083,Online,MPesa,KES,Groceries,PRD-8896,4,368.11,0.0,674.36,2025-03-06,2025-03-14,False,5,NONE,False,21,VIP customer,8.0,False
TXN-300708,ORD-200708,CUST-100708,50.0,Female,2024-05-31,2025-05-23 00:00:00,Tanzania,Mwanza,-2.5164,32.9179,Online,MPesa,KES,Home,PRD-9155,3,2026.57,0.479,772.34,2025-05-30,,False,3,NONE,False,39,No special notes,,False
TXN-300289,ORD-200289,CUST-100289,46.0,Female,2023-10-01,2023-10-31 01:00:00,Kenya,Nakuru,-0.303099,36.080025,Online,MPesa,KES,Clothing,PRD-7764,2,1046.77,0.168,1347.64,2023-11-10,2023-11-19,False,4,NONE,False,31,No special notes,9.0,False
TXN-300238,ORD-200238,CUST-100238,32.0,Prefer not to say,2024-01-13,2024-04-25 14:00:00,Kenya,Mombasa,-4.043477,39.668206,Online,MPesa,KES,Health,PRD-8623,2,759.43,0.076,665.51,2024-04-21,2024-04-29,False,5,NONE,False,21,VIP customer,8.0,False
TXN-300000,ORD-200000,CUST-100000,41.0,Male,2025-04-18,2025-05-15 05:00:00,Tanzania,Arusha,-3.3869,36.6829,Online,Cash,KES,Electronics,PRD-9771,1,8538.15,0.26,801.88,2025-05-10,2025-05-12,False,3,BUNDLE15,False,71,No special notes,2.0,False
TXN-300145,ORD-200145,CUST-100145,36.0,Female,2023-10-06,2024-01-25 01:00:00,Rwanda,Kigali,-1.9441,30.0619,Online,MPesa,KES,Beauty,PRD-5953,1,924.06,0.013,631.2,2024-01-20,2024-01-25,False,5,NONE,False,15,Bulk purchase,5.0,True
TXN-300433,ORD-200433,CUST-100433,45.0,Prefer not to say,2024-02-09,2024-10-11 00:00:00,Kenya,Mombasa,-4.043477,39.668206,Online,MPesa,KES,Electronics,PRD-1848,1,15356.71,0.079,1035.4,2024-10-19,2024-10-24,False,5,NONE,True,152,Bulk purchase,5.0,False
TXN-300752,ORD-200752,CUST-100752,,Prefer not to say,2023-09-06,2023-09-28 01:00:00,Kenya,Kisumu,-0.102206,34.761711,Online,MPesa,USD,Home,PRD-7654,25,24.51,0.393,10.85,2023-09-27,2023-10-05,False,4,WELCOME10,False,498,Used promo code,8.0,False
TXN-300395,ORD-200395,CUST-100395,30.0,Female,2025-08-15,2025-10-10 02:00:00,Rwanda,Kigali,-1.9441,30.0619,Online,MPesa,KES,Groceries,PRD-3242,4,334.92,0.214,1625.45,2025-10-05,2025-10-10,False,4,LOYAL5,False,27,Bulk purchase,5.0,False
TXN-300514,ORD-200514,CUST-100514,41.0,Male,2022-10-04,2023-01-07 20:00:00,Kenya,Mombasa,-4.043477,39.668206,In-Store,MPesa,USD,Health,PRD-9534,4,6.86,0.025,0.0,2023-01-10,2023-01-17,False,4,LOYAL5,False,35,Customer called support,7.0,False
TXN-300126,ORD-200126,CUST-100126,67.0,Male,2025-09-25,2025-11-14 17:00:00,Kenya,Eldoret,0.52036,35.269779,In-Store,MPesa,KES,Electronics,PRD-4125,1,8389.84,0.152,1114.33,2025-11-17,2025-11-22,False,5,LOYAL5,True,82,Used promo code,5.0,False
TXN-300278,ORD-200278,CUST-100278,48.0,Male,2023-12-07,2024-05-26 12:00:00,Kenya,Mombasa,-4.043477,39.668206,In-Store,MPesa,KES,Groceries,PRD-7476,3,471.49,0.328,0.0,2024-05-26,2024-05-29,False,5,NONE,False,9,Delayed shipment,3.0,False
TXN-300668,ORD-200668,CUST-100668,65.0,Female,2024-11-24,2025-03-27 04:00:00,Uganda,Kampala,0.347596,32.58252,Online,Cash,KES,Beauty,PRD-1286,3,1186.63,0.172,393.49,2025-03-22,2025-03-27,False,5,NONE,False,33,Delayed shipment,5.0,False
TXN-300116,ORD-200116,CUST-100116,20.0,Female,2024-07-12,2025-01-17 19:00:00,Tanzania,Arusha,-3.3869,36.6829,Online,PayPal,KES,Groceries,PRD-8267,3,235.31,0.127,663.71,2025-01-18,2025-01-22,False,5,NONE,False,13,Customer called support,4.0,False
TXN-300228,ORD-200228,CUST-100228,,Male,2024-10-07,2025-05-26 01:00:00,Kenya,Eldoret,0.52036,35.269779,In-Store,MPesa,KES,Beauty,PRD-1404,3,1371.81,0.319,0.0,2025-05-28,2025-06-06,False,5,NONE,True,28,First-time buyer,9.0,False
TXN-300603,ORD-200603,CUST-100603,56.0,Male,2024-12-31,2025-04-22 11:00:00,Uganda,Gulu,2.7746,32.2989,In-Store,Cash,KES,Groceries,PRD-3616,2,469.38,0.08,0.0,2025-04-27,2025-05-04,False,4,WELCOME10,False,9,First-time buyer,7.0,False
TXN-300662,ORD-200662,CUST-100662,35.0,Prefer not to say,2023-05-08,2024-05-01 17:00:00,Kenya,Kisumu,-0.102206,34.761711,In-Store,MPesa,KES,Electronics,PRD-5174,2,14721.93,0.279,0.0,2024-04-29,2024-05-06,False,4,NONE,False,212,Bulk purchase,7.0,False
TXN-300486,ORD-200486,CUST-100486,37.0,Male,2024-08-21,2025-02-15 11:00:00,Ethiopia,Addis Ababa,8.9806,38.7578,Online,Bank Transfer,KES,Clothing,PRD-4307,3,2195.17,0.377,1548.8,2025-02-22,2025-02-27,False,5,FLASH20,False,57,Bulk purchase,5.0,False
TXN-300274,ORD-200274,CUST-100274,30.0,Female,2022-06-15,2023-02-09 09:00:00,Rwanda,Kigali,-1.9441,30.0619,In-Store,MPesa,KES,Electronics,PRD-7117,1,5636.36,0.06,0.0,2023-02-05,2023-02-15,False,4,LOYAL5,True,53,Delayed shipment,10.0,False
TXN-300318,ORD-200318,CUST-100318,56.0,Female,2024-10-28,2025-02-21 08:00:00,Kenya,Nairobi,-1.286389,36.817223,Online,MPesa,KES,Groceries,PRD-8604,4,287.1,0.084,727.12,2025-03-01,2025-03-02,False,3,NONE,True,18,First-time buyer,1.0,False
TXN-300587,ORD-200587,CUST-100587,26.0,Male,2022-12-13,2023-03-23 03:00:00,Tanzania,Mwanza,-2.5164,32.9179,Online,MPesa,KES,Electronics,PRD-2185,1,19810.56,0.26,858.14,2023-03-22,2023-03-25,False,5,LOYAL5,False,155,Delayed shipment,3.0,False
TXN-300144,ORD-200144,CUST-100144,26.0,Male,2024-09-29,2025-04-27 06:00:00,Kenya,Kisumu,-0.102206,34.761711,Online,Credit Card,KES,Clothing,PRD-9896,2,712.88,0.169,478.05,2025-05-04,2025-05-12,False,4,LOYAL5,False,17,VIP customer,8.0,False
TXN-300791,ORD-200791,CUST-100791,21.0,Male,2025-05-27,2025-08-02 13:00:00,Kenya,Kisumu,-0.102206,34.761711,Online,MPesa,KES,Electronics,PRD-7896,3,19083.81,0.303,184.49,2025-08-08,2025-08-15,False,4,WELCOME10,False,401,First-time buyer,7.0,True
TXN-300541,ORD-200541,CUST-100541,45.0,Female,2024-07-03,2024-12-21 05:00:00,Kenya,Nairobi,-1.286389,36.817223,Online,MPesa,KES,Clothing,PRD-9244,1,960.98,0.031,1477.27,2024-12-14,2024-12-14,False,5,BUNDLE15,True,24,No special notes,0.0,False
TXN-300784,ORD-200784,CUST-100784,46.0,Female,2023-10-02,2024-05-01 07:00:00,Kenya,Eldoret,0.52036,35.269779,In-Store,Credit Card,KES,Home,PRD-7178,4,3858.05,0.066,358.67,2024-04-22,,False,4,WELCOME10,False,148,VIP customer,,False
TXN-300622,ORD-200622,CUST-100622,30.0,Male,2023-12-15,2024-06-08 17:00:00,Kenya,Mombasa,-4.043477,39.668206,In-Store,Credit Card,USD,Home,PRD-2172,3,12.58,0.5,0.0,2024-06-07,2024-06-16,False,4,FLASH20,False,25,Customer called support,9.0,False
TXN-300369,ORD-200369,CUST-100369,34.0,Male,2023-04-22,2024-02-06 17:00:00,Ethiopia,Addis Ababa,8.9806,38.7578,Online,MPesa,KES,Home,PRD-6390,2,3534.63,0.23,1847.52,2024-02-01,2024-02-08,False,4,NONE,False,73,Delayed shipment,7.0,False
TXN-300268,ORD-200268,CUST-100268,29.0,Female,2023-09-09,2024-06-28 17:00:00,Ethiopia,Adama,8.5406,39.27,Online,MPesa,KES,Home,PRD-5938,2,2677.46,0.373,717.24,2024-06-21,2024-07-01,False,4,NONE,False,41,No special notes,10.0,False
TXN-300604,ORD-200604,CUST-100604,62.0,Male,2022-04-07,2023-03-27 03:00:00,Tanzania,Dar es Salaam,-6.7924,39.2083,Online,MPesa,KES,Home,PRD-9882,2,2126.66,0.339,531.92,2023-04-05,2023-04-05,False,4,WELCOME10,False,33,Used promo code,0.0,False
TXN-300307,ORD-200307,CUST-100307,,Male,2025-01-06,2025-03-31 19:00:00,Tanzania,Dar es Salaam,-6.7924,39.2083,Online,MPesa,USD,Clothing,PRD-3500,4,2.73,0.152,5.4,2025-04-02,2025-04-11,False,5,NONE,False,19,Used promo code,9.0,False
TXN-300423,ORD-200423,CUST-100423,50.0,Male,2025-03-12,2025-06-11 23:00:00,Kenya,Nakuru,-0.303099,36.080025,In-Store,MPesa,USD,Clothing,PRD-4994,1,1.45,0.218,0.0,2025-06-09,2025-06-14,False,4,LOYAL5,False,1,VIP customer,5.0,False
TXN-300310,ORD-200310,CUST-100310,53.0,Female,2023-04-05,2023-09-21 06:00:00,Kenya,Kisumu,-0.102206,34.761711,In-Store,,KES,Electronics,PRD-7767,2,17611.43,0.142,1035.0,2023-09-26,2023-09-26,True,3,LOYAL5,False,312,Bulk purchase,0.0,False
TXN-300506,ORD-200506,CUST-100506,48.0,Male,2024-08-27,2025-01-30 20:00:00,Kenya,Mombasa,-4.043477,39.668206,In-Store,MPesa,KES,Electronics,PRD-8820,4,20113.3,0.238,1499.9,2025-01-21,2025-01-21,False,4,WELCOME10,False,628,VIP customer,0.0,False
TXN-300046,ORD-200046,CUST-100046,22.0,Male,2022-12-19,2023-07-19 21:00:00,Kenya,Nakuru,-0.303099,36.080025,Online,Credit Card,KES,Groceries,PRD-7611,2,434.58,0.121,1240.12,2023-07-25,2023-08-04,False,4,FLASH20,False,20,Customer called support,10.0,False
TXN-300349,ORD-200349,CUST-100349,30.0,Male,2024-11-26,2025-03-11 11:00:00,Kenya,Kisumu,-0.102206,34.761711,Online,MPesa,KES,Groceries,PRD-6665,2,187.74,0.031,1128.36,2025-03-12,2025-03-17,False,3,NONE,False,15,Customer called support,5.0,False
TXN-300371,ORD-200371,CUST-100371,67.0,Female,2023-11-19,2024-05-08 21:00:00,Tanzania,Dar es Salaam,-6.7924,39.2083,Online,MPesa,KES,Electronics,PRD-1406,4,13349.96,0.078,1280.88,2024-05-13,2024-05-21,False,5,NONE,False,505,Customer called support,8.0,False
TXN-300558,ORD-200558,CUST-100558,66.0,Female,2024-10-11,2025-02-06 14:00:00,Uganda,Kampala,0.347596,32.58252,Online,MPesa,KES,Groceries,PRD-7460,1,178.66,0.124,1655.96,2025-02-09,2025-02-15,True,2,NONE,False,18,Used promo code,6.0,False
TXN-300261,ORD-200261,CUST-100261,,Male,2025-01-16,2025-08-13 06:00:00,Tanzania,Dar es Salaam,-6.7924,39.2083,Online,MPesa,KES,Health,PRD-2145,2,818.9,0.156,1761.49,2025-08-19,2025-08-28,False,4,WELCOME10,False,31,No special notes,9.0,False
TXN-300195,ORD-200195,CUST-100195,35.0,Male,2024-02-21,2024-09-26 00:00:00,Kenya,Nakuru,-0.303099,36.080025,In-Store,MPesa,KES,Groceries,PRD-8630,1,318.52,0.262,0.0,2024-09-19,2024-09-25,False,4,NONE,False,2,First-time buyer,6.0,False
TXN-300802,ORD-200802,CUST-100802,33.0,Male,2022-01-28,2023-01-20 06:00:00,Kenya,Nairobi,-1.286389,36.817223,In-Store,Credit Card,KES,Groceries,PRD-2075,1,418.95,0.376,0.0,2023-01-15,2023-01-24,False,4,WELCOME10,False,3,Used promo code,9.0,True
TXN-300721,ORD-200721,CUST-100721,,Female,2024-05-20,2024-06-24 20:00:00,Kenya,Nakuru,-0.303099,36.080025,Online,Cash,KES,Health,PRD-6696,1,750.75,0.197,768.93,2024-06-15,,False,4,FLASH20,False,14,Customer called support,,False
TXN-300107,ORD-200107,CUST-100107,38.0,Female,2025-06-30,2025-11-07 07:00:00,Uganda,Kampala,0.347596,32.58252,Online,Credit Card,KES,Home,PRD-2055,3,915.16,0.086,1282.5,2025-11-04,2025-11-09,False,3,NONE,False,38,Delayed shipment,5.0,False
TXN-300059,ORD-200059,CUST-100059,54.0,Female,2025-06-11,2025-10-12 10:00:00,Kenya,Kisumu,-0.102206,34.761711,Online,MPesa,KES,Electronics,PRD-8076,2,28836.92,0.333,186.04,2025-10-13,2025-10-16,False,3,WELCOME10,False,387,Used promo code,3.0,False
TXN-300638,ORD-200638,CUST-100638,58.0,Female,2022-07-28,2023-01-02 17:00:00,Ethiopia,Addis Ababa,8.9806,38.7578,Online,Cash,KES,Groceries,PRD-6362,2,306.77,0.317,1404.45,2023-01-08,,False,4,NONE,False,18,Requested gift wrap,,False
TXN-300494,ORD-200494,CUST-100494,53.0,Male,2022-06-07,2023-04-02 21:00:00,Uganda,Entebbe,0.0487,32.4435,Online,MPesa,KES,Electronics,PRD-4402,1,8984.5,0.194,1745.92,2023-03-31,2023-04-01,False,4,LOYAL5,False,90,Requested gift wrap,1.0,False
TXN-300100,ORD-200100,CUST-100100,57.0,Female,2023-11-30,2024-05-08 08:00:00,Tanzania,Mwanza,-2.5164,32.9179,Online,MPesa,KES,Home,PRD-8051,2,3129.19,0.0,1799.12,2024-05-17,2024-05-23,False,5,LOYAL5,False,81,First-time buyer,6.0,False
TXN-300443,ORD-200443,CUST-100443,29.0,Female,2024-04-22,2024-10-02 05:00:00,Kenya,Eldoret,0.52036,35.269779,Online,Credit Card,KES,Groceries,PRD-3475,1,284.94,0.081,215.52,2024-09-25,2024-10-03,False,4,NONE,False,5,Requested gift wrap,8.0,False
TXN-300588,ORD-200588,CUST-100588,44.0,Female,2022-12-05,2023-05-17 15:00:00,Tanzania,Dar es Salaam,-6.7924,39.2083,In-Store,MPesa,USD,Electronics,PRD-7995,2,186.88,0.189,0.0,2023-05-13,2023-05-13,False,4,LOYAL5,False,394,Used promo code,0.0,False
TXN-300774,ORD-200774,CUST-100774,,Female,2025-07-27,2025-09-24 04:00:00,Tanzania,Dar es Salaam,-6.7924,39.2083,Online,Cash,KES,Home,PRD-3139,1,957.72,0.071,349.71,2025-10-03,2025-10-12,False,4,LOYAL5,False,12,Delayed shipment,9.0,False
TXN-300620,ORD-200620,CUST-100620,26.0,Male,2024-03-03,2024-10-15 05:00:00,Tanzania,Mwanza,-2.5164,32.9179,Online,MPesa,KES,Groceries,PRD-6860,1,473.9,0.228,278.19,2024-10-06,2024-10-08,False,5,NONE,False,6,Bulk purchase,2.0,False
TXN-300579,ORD-200579,CUST-100579,46.0,Male,2023-08-12,2024-02-29 20:00:00,Uganda,Entebbe,0.0487,32.4435,Online,Credit Card,KES,Groceries,PRD-9662,1,353.26,0.062,1187.45,2024-03-10,2024-03-12,False,4,WELCOME10,False,15,Customer called support,2.0,False
TXN-300179,ORD-200179,CUST-100179,65.0,Female,2023-07-22,2023-12-10 11:00:00,Tanzania,Dar es Salaam,-6.7924,39.2083,Online,MPesa,KES,Groceries,PRD-5925,1,375.88,0.266,1666.13,2023-12-12,2023-12-16,False,4,NONE,False,19,First-time buyer,4.0,False
TXN-300304,ORD-200304,CUST-100304,52.0,Male,2024-08-20,2025-06-11 14:00:00,Kenya,Mombasa,-4.043477,39.668206,In-Store,MPesa,KES,Groceries,PRD-8209,1,277.63,0.161,1122.44,2025-06-02,2025-06-04,False,5,NONE,False,14,Delayed shipment,2.0,False
TXN-300551,ORD-200551,CUST-100551,52.0,Male,2022-02-18,2023-02-03 08:00:00,Kenya,Nairobi,-1.286389,36.817223,In-Store,MPesa,KES,Groceries,PRD-9199,1,283.41,0.215,0.0,2023-02-03,2023-02-10,False,4,LOYAL5,False,2,Delayed shipment,7.0,False
TXN-300057,ORD-200057,CUST-100057,47.0,Male,2024-11-23,2025-03-22 15:00:00,Rwanda,Kigali,-1.9441,30.0619,Online,PayPal,KES,Electronics,PRD-5784,4,11177.53,0.214,1176.15,2025-03-26,2025-04-02,True,2,WELCOME10,False,363,First-time buyer,7.0,False
TXN-300831,ORD-200831,CUST-100831,,Prefer not to say,2025-08-12,2025-10-08 03:00:00,Kenya,Nakuru,-0.303099,36.080025,In-Store,Cash,KES,Home,PRD-6541,1,818.78,0.166,389.79,2025-10-04,2025-10-12,False,5,LOYAL5,False,11,Requested gift wrap,8.0,False
TXN-300149,ORD-200149,CUST-100149,50.0,Male,2023-02-13,2023-07-13 03:00:00,Uganda,Entebbe,0.0487,32.4435,In-Store,Bank Transfer,KES,Groceries,PRD-6632,3,412.88,0.324,0.0,2023-07-22,2023-07-27,False,4,LOYAL5,False,8,No special notes,5.0,False
TXN-300124,ORD-200124,CUST-100124,66.0,Male,2024-03-31,2024-10-02 09:00:00,Kenya,Eldoret,0.52036,35.269779,Online,Bank Transfer,KES,Health,PRD-7977,1,553.35,0.305,1161.54,2024-10-07,2024-10-10,False,4,WELCOME10,False,15,Delayed shipment,3.0,False
TXN-300680,ORD-200680,CUST-100680,57.0,Female,2024-02-25,2025-01-24 02:00:00,Uganda,Entebbe,0.0487,32.4435,In-Store,Bank Transfer,KES,Health,PRD-6706,4,655.94,0.198,0.0,2025-01-17,2025-01-23,False,4,NONE,False,21,First-time buyer,6.0,False
TXN-300749,ORD-200749,CUST-100749,51.0,Female,2023-08-28,2024-05-20 17:00:00,Tanzania,Dar es Salaam,-6.7924,39.2083,In-Store,MPesa,USD,Home,PRD-7828,2,16.29,0.312,0.0,2024-05-27,2024-05-31,False,4,LOYAL5,False,29,Bulk purchase,4.0,False
TXN-300185,ORD-200185,CUST-100185,68.0,Female,2023-03-03,2023-09-05 10:00:00,Uganda,Gulu,2.7746,32.2989,In-Store,MPesa,KES,Electronics,PRD-3513,2,13337.19,0.061,0.0,2023-09-11,2023-09-19,False,4,BUNDLE15,False,251,Used promo code,8.0,False
TXN-300576,ORD-200576,CUST-100576,19.0,Male,2023-03-23,2023-04-15 12:00:00,Tanzania,Mwanza,-2.5164,32.9179,Online,MPesa,KES,Home,PRD-8107,1,4136.64,0.214,642.13,2023-04-08,,True,3,NONE,False,39,Customer called support,,False
TXN-300050,ORD-200050,CUST-100050,41.0,Male,2024-07-19,2024-11-26 00:00:00,Kenya,Eldoret,0.52036,35.269779,In-Store,Credit Card,KES,Beauty,PRD-5507,1,522.29,0.013,0.0,2024-12-03,2024-12-04,False,4,BUNDLE15,True,5,Requested gift wrap,1.0,False
TXN-300341,ORD-200341,CUST-100341,50.0,Male,2022-12-28,2023-08-14 17:00:00,Rwanda,Butare,-2.598,29.7396,Online,PayPal,KES,Electronics,PRD-1202,1,9047.11,0.141,1439.98,2023-08-06,2023-08-10,False,4,NONE,False,92,First-time buyer,4.0,False
TXN-300446,ORD-200446,CUST-100446,60.0,Male,2023-11-12,2024-05-06 19:00:00,Kenya,Kisumu,-0.102206,34.761711,Online,MPesa,KES,Clothing,PRD-8793,3,1686.21,0.271,1018.91,2024-05-14,,False,4,NONE,False,47,No special notes,,False
TXN-300113,ORD-200113,CUST-100113,69.0,Male,2022-05-19,2023-03-31 21:00:00,Kenya,Eldoret,0.52036,35.269779,In-Store,MPesa,KES,Groceries,PRD-4179,1,297.61,0.141,0.0,2023-04-06,2023-04-11,False,5,LOYAL5,False,3,Bulk purchase,5.0,True
TXN-300519,ORD-200519,CUST-100519,69.0,Male,2025-09-18,2025-10-21 10:00:00,Kenya,Eldoret,0.52036,35.269779,Online,Cash,KES,Beauty,PRD-5426,2,1423.12,0.498,777.37,2025-10-12,2025-10-14,False,5,LOYAL5,False,22,VIP customer,2.0,False
TXN-300321,ORD-200321,CUST-100321,50.0,Male,2023-08-15,2024-06-04 04:00:00,Rwanda,Butare,-2.598,29.7396,Online,MPesa,KES,Health,PRD-7203,2,1022.28,0.313,1396.21,2024-05-27,2024-05-29,False,5,LOYAL5,False,28,Customer called support,2.0,False
TXN-300353,ORD-200353,CUST-100353,53.0,Female,2024-12-26,2025-10-19 04:00:00,Uganda,Gulu,2.7746,32.2989,Online,Cash,KES,Beauty,PRD-3983,2,913.49,0.221,1315.07,2025-10-12,2025-10-13,False,5,NONE,False,27,Customer called support,1.0,False
TXN-300798,ORD-200798,CUST-100798,28.0,Female,2024-12-28,2025-03-17 04:00:00,Kenya,Kisumu,-0.102206,34.761711,In-Store,Credit Card,KES,Groceries,PRD-5835,1,196.85,0.17,0.0,2025-03-25,2025-03-27,False,5,NONE,False,2,No special notes,2.0,False
TXN-300142,ORD-200142,CUST-100142,20.0,Male,2024-04-28,2024-10-05 23:00:00,Kenya,Mombasa,-4.043477,39.668206,Online,MPesa,KES,Clothing,PRD-4757,2,1974.83,0.342,249.15,2024-10-03,2024-10-11,False,4,WELCOME10,False,28,VIP customer,8.0,False
TXN-300470,ORD-200470,CUST-100470,23.0,Female,2022-09-12,2023-05-08 18:00:00,Rwanda,Butare,-2.598,29.7396,In-Store,MPesa,USD,Groceries,PRD-5521,5,1.96,0.075,0.0,2023-05-14,2023-05-19,False,4,BUNDLE15,False,12,No special notes,5.0,False
TXN-300370,ORD-200370,CUST-100370,29.0,Male,2022-09-17,2023-01-17 07:00:00,Kenya,Nakuru,-0.303099,36.080025,Online,MPesa,KES,Groceries,PRD-5216,2,208.95,0.247,179.44,2023-01-12,2023-01-14,False,5,BUNDLE15,False,5,Customer called support,2.0,False
TXN-300800,ORD-200800,CUST-100800,55.0,Male,2023-04-15,2023-08-07 04:00:00,Ethiopia,Adama,8.5406,39.27,In-Store,MPesa,USD,Home,PRD-6530,3,9.33,0.064,0.0,2023-08-04,2023-08-08,False,4,BUNDLE15,True,34,Delayed shipment,4.0,False
TXN-300141,ORD-200141,CUST-100141,37.0,Male,2022-09-08,2023-01-04 07:00:00,Kenya,Nakuru,-0.303099,36.080025,Online,Credit Card,USD,Electronics,PRD-5612,2,145.84,0.171,11.32,2023-01-02,2023-01-11,False,5,WELCOME10,False,329,Customer called support,9.0,False
TXN-300399,ORD-200399,CUST-100399,45.0,Female,2023-01-12,2023-10-05 08:00:00,Kenya,Eldoret,0.52036,35.269779,Online,MPesa,KES,Groceries,PRD-2450,1,304.13,0.269,1077.62,2023-10-06,2023-10-08,False,4,NONE,False,13,Delayed shipment,2.0,False
TXN-300493,ORD-200493,CUST-100493,20.0,Prefer not to say,2024-06-14,2024-11-11 12:00:00,Uganda,Kampala,0.347596,32.58252,In-Store,MPesa,KES,Groceries,PRD-8387,2,352.55,0.11,0.0,2024-11-06,2024-11-11,False,5,NONE,False,6,No special notes,5.0,False
TXN-300263,ORD-200263,CUST-100263,62.0,Female,2023-11-28,2024-05-12 19:00:00,Uganda,Kampala,0.347596,32.58252,In-Store,PayPal,KES,Electronics,PRD-2475,1,6120.91,0.44,0.0,2024-05-04,2024-05-08,False,3,NONE,False,34,First-time buyer,4.0,False
TXN-300320,ORD-200320,CUST-100320,55.0,Male,2024-06-07,2024-09-18 19:00:00,Uganda,Kampala,0.347596,32.58252,In-Store,MPesa,KES,Health,PRD-8828,2,632.28,0.449,1037.76,2024-09-25,2024-09-25,False,4,NONE,False,17,Used promo code,0.0,False
TXN-300019,ORD-200019,CUST-100019,33.0,Male,2023-04-27,2024-04-18 11:00:00,Tanzania,Arusha,-3.3869,36.6829,In-Store,Credit Card,USD,Electronics,PRD-7910,1,143.73,0.099,0.0,2024-04-19,2024-04-25,False,4,WELCOME10,False,168,Requested gift wrap,6.0,False
TXN-300172,ORD-200172,CUST-100172,38.0,Female,2023-05-16,2023-12-10 21:00:00,Kenya,Nairobi,-1.286389,36.817223,In-Store,MPesa,KES,Home,PRD-7044,2,1523.29,0.458,158.02,2023-12-04,2023-12-12,False,3,LOYAL5,False,18,Delayed shipment,8.0,False
TXN-300841,ORD-200841,CUST-100841,57.0,Female,2023-06-06,2024-02-15 03:00:00,Ethiopia,Addis Ababa,8.9806,38.7578,In-Store,MPesa,KES,Groceries,PRD-3921,1,361.73,0.072,0.0,2024-02-24,2024-02-24,False,4,NONE,True,3,Customer called support,0.0,False
TXN-300312,ORD-200312,CUST-100312,39.0,Male,2024-03-16,2024-09-20 15:00:00,Kenya,Nakuru,-0.303099,36.080025,Online,MPesa,KES,Clothing,PRD-9813,3,2180.14,0.193,489.86,2024-09-27,2024-09-30,False,4,NONE,False,58,First-time buyer,3.0,False
TXN-300390,ORD-200390,CUST-100390,,Male,2023-12-13,2024-04-09 23:00:00,Kenya,Nakuru,-0.303099,36.080025,In-Store,Bank Transfer,KES,Clothing,PRD-5628,4,2470.65,0.149,0.0,2024-04-01,2024-04-04,False,5,LOYAL5,False,84,Bulk purchase,3.0,False
TXN-300837,ORD-200837,CUST-100837,40.0,Male,2022-10-17,2023-03-01 01:00:00,Kenya,Eldoret,0.52036,35.269779,In-Store,Cash,KES,Electronics,PRD-9459,2,11813.78,0.349,0.0,2023-02-20,2023-02-21,False,5,BUNDLE15,False,154,No special notes,1.0,False
TXN-300012,ORD-200012,CUST-100012,28.0,Prefer not to say,2024-08-19,2025-08-11 14:00:00,Kenya,Kisumu,-0.102206,34.761711,In-Store,MPesa,KES,Clothing,PRD-3147,2,1475.03,0.273,0.0,2025-08-13,2025-08-19,False,5,NONE,False,21,VIP customer,6.0,False
TXN-300407,ORD-200407,CUST-100407,40.0,Male,2024-06-06,2024-11-30 00:00:00,Ethiopia,Addis Ababa,8.9806,38.7578,In-Store,Credit Card,USD,Electronics,PRD-5072,1,16.91,0.137,0.0,2024-11-29,2024-12-02,False,3,LOYAL5,True,19,Bulk purchase,3.0,False
TXN-300408,ORD-200408,CUST-100408,50.0,Female,2025-04-21,2025-11-01 22:00:00,Tanzania,Dar es Salaam,-6.7924,39.2083,Online,MPesa,KES,Electronics,PRD-4634,4,5752.13,0.341,1567.12,2025-11-08,2025-11-06,False,4,NONE,False,167,Delayed shipment,-2.0,False
TXN-300305,ORD-200305,CUST-100305,25.0,Male,2022-09-30,2023-02-18 11:00:00,Kenya,Mombasa,-4.043477,39.668206,In-Store,MPesa,KES,Clothing,PRD-7299,2,682.57,0.103,420.69,2023-02-16,2023-02-18,False,5,LOYAL5,False,16,Requested gift wrap,2.0,False
TXN-300354,ORD-200354,CUST-100354,45.0,Male,2023-10-27,2024-06-06 04:00:00,Kenya,Eldoret,0.52036,35.269779,Online,MPesa,USD,Groceries,PRD-9542,5,1.89,0.5,1.39,2024-05-30,2024-05-30,False,4,NONE,True,8,Used promo code,0.0,False
TXN-300025,ORD-200025,CUST-100025,69.0,Male,2024-07-18,2024-11-26 11:00:00,Kenya,Nairobi,-1.286389,36.817223,In-Store,MPesa,USD,Electronics,PRD-3657,2,79.97,0.184,0.0,2024-11-17,2024-11-27,False,5,NONE,False,170,First-time buyer,10.0,False
TXN-300636,ORD-200636,CUST-100636,69.0,Female,2024-11-23,2025-11-24 01:00:00,Kenya,Nairobi,-1.286389,36.817223,Online,,KES,Beauty,PRD-6844,1,553.71,0.059,333.91,2025-11-15,2025-11-17,False,4,WELCOME10,False,9,Delayed shipment,2.0,False
TXN-300169,ORD-200169,CUST-100169,38.0,Male,2024-03-04,2024-04-30 22:00:00,Kenya,Mombasa,-4.043477,39.668206,Online,PayPal,KES,Electronics,PRD-1581,2,6707.06,0.0,698.83,2024-05-03,,False,5,NONE,False,141,VIP customer,,False
TXN-300781,ORD-200781,CUST-100781,61.0,Female,2023-04-23,2024-01-22 03:00:00,Uganda,Gulu,2.7746,32.2989,Online,MPesa,KES,Clothing,PRD-8936,4,1422.56,0.111,565.76,2024-01-26,2024-01-31,False,4,NONE,False,56,No special notes,5.0,False
TXN-300038,ORD-200038,CUST-100038,38.0,Female,2024-09-06,2025-02-21 22:00:00,Kenya,Mombasa,-4.043477,39.668206,Online,MPesa,KES,Electronics,PRD-8823,2,16734.07,0.27,253.75,2025-02-15,2025-02-17,False,4,WELCOME10,False,247,Delayed shipment,2.0,False
TXN-300175,ORD-200175,CUST-100175,30.0,Female,2023-05-24,2024-04-20 17:00:00,Kenya,Kisumu,-0.102206,34.761711,In-Store,Bank Transfer,KES,Groceries,PRD-2206,1,302.31,0.109,0.0,2024-04-17,2024-04-22,False,3,LOYAL5,False,3,Customer called support,5.0,False
TXN-300245,ORD-200245,CUST-100245,24.0,Female,2023-07-13,2023-11-04 17:00:00,Kenya,Nakuru,-0.303099,36.080025,In-Store,MPesa,KES,Beauty,PRD-8927,2,1577.53,0.098,1093.28,2023-10-29,2023-11-03,False,4,FLASH20,False,39,Requested gift wrap,5.0,False
TXN-300717,ORD-200717,CUST-100717,57.0,Female,2022-12-21,2023-11-18 06:00:00,Uganda,Gulu,2.7746,32.2989,Online,MPesa,KES,Clothing,PRD-8767,1,314.76,0.049,435.87,2023-11-22,2023-11-28,False,5,FLASH20,False,7,Delayed shipment,6.0,False
TXN-300583,ORD-200583,CUST-100583,33.0,Female,2025-08-29,2025-09-13 18:00:00,Kenya,Eldoret,0.52036,35.269779,Online,MPesa,KES,Beauty,PRD-5697,3,850.31,0.281,702.25,2025-09-10,2025-09-19,False,5,LOYAL5,False,25,VIP customer,9.0,False
TXN-300704,ORD-200704,CUST-100704,21.0,Male,2022-04-01,2023-03-09 10:00:00,Kenya,Eldoret,0.52036,35.269779,In-Store,MPesa,KES,Groceries,PRD-3248,2,338.92,0.5,1354.02,2023-03-16,2023-03-22,False,5,,False,17,Bulk purchase,6.0,False
TXN-300740,ORD-200740,CUST-100740,33.0,Male,2023-08-25,2023-12-01 16:00:00,Rwanda,Butare,-2.598,29.7396,In-Store,MPesa,KES,Clothing,PRD-2271,2,1337.14,0.161,0.0,2023-11-25,2023-12-01,False,5,BUNDLE15,False,22,Customer called support,6.0,False
TXN-300154,ORD-200154,CUST-100154,62.0,Female,2023-03-24,2023-10-01 06:00:00,Kenya,Nairobi,-1.286389,36.817223,Online,Cash,KES,Groceries,PRD-7051,3,367.51,0.228,409.17,2023-10-07,2023-10-13,False,4,NONE,False,13,Delayed shipment,6.0,False
TXN-300287,ORD-200287,CUST-100287,39.0,Male,2024-07-13,2024-07-20 08:00:00,Kenya,Kisumu,-0.102206,34.761711,In-Store,Credit Card,KES,Groceries,PRD-8919,3,405.03,0.046,0.0,2024-07-28,2024-07-29,True,3,LOYAL5,False,12,First-time buyer,1.0,False
TXN-300523,ORD-200523,CUST-100523,27.0,Male,2023-04-23,2023-07-02 04:00:00,Kenya,Mombasa,-4.043477,39.668206,Online,MPesa,KES,Groceries,PRD-1900,3,333.84,0.258,185.18,2023-06-26,2023-06-30,False,4,WELCOME10,False,9,Used promo code,4.0,False
TXN-300017,ORD-200017,CUST-100017,60.0,Prefer not to say,2024-06-03,2025-01-25 04:00:00,Kenya,Mombasa,-4.043477,39.668206,In-Store,Credit Card,KES,Groceries,PRD-4762,1,255.08,0.219,339.05,2025-01-17,2025-01-21,False,5,LOYAL5,True,5,Bulk purchase,4.0,False
TXN-300127,ORD-200127,CUST-100127,57.0,Female,2023-01-20,2023-07-15 09:00:00,Kenya,Mombasa,-4.043477,39.668206,Online,Credit Card,KES,Electronics,PRD-8050,1,18434.71,0.131,591.12,2023-07-09,2023-07-18,False,4,,False,166,First-time buyer,9.0,False
TXN-300322,ORD-200322,CUST-100322,35.0,Male,2025-02-04,2025-03-06 13:00:00,Uganda,Entebbe,0.0487,32.4435,In-Store,MPesa,KES,Clothing,PRD-2621,1,2024.85,0.07,0.0,2025-03-12,2025-03-18,False,4,WELCOME10,False,19,VIP customer,6.0,False
TXN-300255,ORD-200255,CUST-100255,63.0,Non-binary,2022-10-24,2023-01-24 14:00:00,Ethiopia,Adama,8.5406,39.27,Online,MPesa,KES,Groceries,PRD-8227,3,490.49,0.318,305.64,2023-01-18,2023-01-22,False,3,LOYAL5,False,13,Used promo code,4.0,False
TXN-300692,ORD-200692,CUST-100692,49.0,Female,2023-04-17,2023-12-15 08:00:00,Tanzania,Arusha,-3.3869,36.6829,In-Store,MPesa,KES,Groceries,PRD-8362,2,321.45,0.123,0.0,2023-12-16,2023-12-23,False,3,WELCOME10,False,6,Requested gift wrap,7.0,False
TXN-300829,ORD-200829,CUST-100829,41.0,Male,2025-04-12,2025-10-02 14:00:00,Uganda,Kampala,0.347596,32.58252,In-Store,MPesa,KES,Groceries,PRD-7443,1,302.84,0.274,1566.11,2025-09-30,2025-10-05,False,4,NONE,True,18,Customer called support,5.0,False
TXN-300190,ORD-200190,CUST-100190,67.0,Female,2025-03-10,2025-04-04 22:00:00,Rwanda,Kigali,-1.9441,30.0619,In-Store,Cash,KES,Beauty,PRD-5329,1,1792.34,0.248,468.53,2025-03-26,2025-03-31,False,4,NONE,True,18,No special notes,5.0,False
TXN-300115,ORD-200115,CUST-100115,55.0,Female,2022-09-06,2023-08-09 22:00:00,Rwanda,Kigali,-1.9441,30.0619,In-Store,MPesa,KES,Clothing,PRD-2363,2,2009.75,0.16,0.0,2023-08-19,2023-08-25,False,4,WELCOME10,False,34,Requested gift wrap,6.0,False
TXN-300536,ORD-200536,CUST-100536,67.0,Female,2024-05-22,2024-12-04 00:00:00,Uganda,Gulu,2.7746,32.2989,Online,Credit Card,USD,Home,PRD-9776,3,22.37,0.117,1.71,2024-12-09,2024-12-11,False,5,LOYAL5,True,79,Requested gift wrap,2.0,False
TXN-300180,ORD-200180,CUST-100180,50.0,Prefer not to say,2024-01-13,2024-09-14 12:00:00,Tanzania,Dar es Salaam,-6.7924,39.2083,In-Store,MPesa,KES,Groceries,PRD-3613,3,163.34,0.0,0.0,2024-09-15,2024-09-24,False,4,FLASH20,False,5,First-time buyer,9.0,False
TXN-300301,ORD-200301,CUST-100301,53.0,Female,2024-02-20,2025-02-05 09:00:00,Kenya,Nairobi,-1.286389,36.817223,In-Store,MPesa,USD,Beauty,PRD-7983,1,10.86,0.097,0.0,2025-02-12,2025-02-16,False,4,WELCOME10,False,13,Used promo code,4.0,False
TXN-300659,ORD-200659,CUST-100659,62.0,Female,2024-12-11,2025-03-17 13:00:00,Rwanda,Butare,-2.598,29.7396,In-Store,MPesa,KES,Groceries,PRD-6948,1,381.72,0.351,0.0,2025-03-16,2025-03-26,False,5,LOYAL5,False,2,Customer called support,10.0,False
TXN-300618,ORD-200618,CUST-100618,69.0,Female,2024-04-02,2024-06-13 18:00:00,Kenya,Eldoret,0.52036,35.269779,Online,Bank Transfer,KES,Health,PRD-3786,4,1048.72,0.044,1201.93,2024-06-17,2024-06-18,False,3,WELCOME10,False,52,Bulk purchase,1.0,False
TXN-300629,ORD-200629,CUST-100629,24.0,Male,2022-09-11,2023-08-06 07:00:00,Ethiopia,Addis Ababa,8.9806,38.7578,Online,Credit Card,KES,Electronics,PRD-6021,1,11371.29,0.11,714.26,2023-08-02,2023-08-06,False,5,LOYAL5,False,108,Used promo code,4.0,False
TXN-300597,ORD-200597,CUST-100597,50.0,Male,2022-04-11,2023-02-26 20:00:00,Kenya,Kisumu,-0.102206,34.761711,In-Store,Bank Transfer,KES,Home,PRD-3584,1,2348.26,0.154,692.36,2023-02-22,2023-02-23,False,5,NONE,False,27,No special notes,1.0,False
TXN-300695,ORD-200695,CUST-100695,65.0,Female,2025-03-01,2025-06-21 21:00:00,Rwanda,Butare,-2.598,29.7396,Online,Cash,KES,Home,PRD-4153,2,1688.66,0.168,1179.1,2025-06-17,,False,4,WELCOME10,False,40,Delayed shipment,,False
TXN-300517,ORD-200517,CUST-100517,51.0,Female,2024-10-17,2025-06-04 16:00:00,Kenya,Eldoret,0.52036,35.269779,In-Store,MPesa,KES,Electronics,PRD-4120,3,16179.34,0.201,0.0,2025-05-26,2025-06-04,False,4,BUNDLE15,False,388,Delayed shipment,9.0,False
TXN-300847,ORD-200847,CUST-100847,48.0,Male,2025-05-29,2025-07-14 11:00:00,Kenya,Nakuru,-0.303099,36.080025,In-Store,MPesa,USD,Electronics,PRD-5495,1,137.38,0.128,8.89,2025-07-24,2025-07-31,False,3,FLASH20,False,167,Customer called support,7.0,False
TXN-300045,ORD-200045,CUST-100045,30.0,Male,2022-06-28,2023-02-11 14:00:00,Kenya,Nakuru,-0.303099,36.080025,In-Store,MPesa,KES,Electronics,PRD-7242,2,16053.51,0.061,0.0,2023-02-04,,False,4,LOYAL5,False,301,No special notes,,False
TXN-300820,ORD-200820,CUST-100820,45.0,Female,2023-01-02,2023-12-25 06:00:00,Tanzania,Dar es Salaam,-6.7924,39.2083,Online,PayPal,KES,Clothing,PRD-5902,3,1854.01,0.204,1261.43,2023-12-29,2023-12-29,False,4,NONE,True,57,VIP customer,0.0,False
TXN-300157,ORD-200157,CUST-100157,67.0,Female,2024-12-27,2025-09-01 15:00:00,Kenya,Nairobi,-1.286389,36.817223,In-Store,MPesa,USD,Beauty,PRD-6854,1,12.82,0.107,9.08,2025-09-08,2025-09-14,False,4,WELCOME10,True,27,First-time buyer,6.0,False
TXN-300691,ORD-200691,CUST-100691,37.0,Male,2025-04-17,2025-04-24 18:00:00,Uganda,Kampala,0.347596,32.58252,In-Store,MPesa,KES,Groceries,PRD-6850,4,254.57,0.287,1110.92,2025-04-22,2025-05-01,False,3,LOYAL5,False,18,First-time buyer,9.0,False
TXN-300171,ORD-200171,CUST-100171,33.0,Female,2024-05-23,2024-07-13 22:00:00,Kenya,Nairobi,-1.286389,36.817223,Online,Cash,KES,Clothing,PRD-2883,2,1417.19,0.106,1490.18,2024-07-04,2024-07-04,False,5,LOYAL5,False,40,Used promo code,0.0,False
TXN-300016,ORD-200016,CUST-100016,36.0,Male,2023-06-07,2023-09-05 14:00:00,Kenya,Kisumu,-0.102206,34.761711,In-Store,Cash,KES,Beauty,PRD-9820,1,819.5,0.096,786.89,2023-09-10,2023-09-11,False,4,NONE,False,15,Bulk purchase,1.0,False
TXN-300511,ORD-200511,CUST-100511,66.0,Male,2023-04-25,2023-09-11 19:00:00,Kenya,Nakuru,-0.303099,36.080025,Online,MPesa,USD,Health,PRD-4573,2,7.31,0.5,8.75,2023-09-13,2023-09-21,False,5,WELCOME10,False,21,Requested gift wrap,8.0,False
TXN-300048,ORD-200048,CUST-100048,27.0,Male,2025-05-09,2025-10-08 13:00:00,Kenya,Nakuru,-0.303099,36.080025,In-Store,MPesa,KES,Groceries,PRD-3023,1,333.22,0.141,0.0,2025-10-18,2025-10-20,False,4,NONE,False,3,Requested gift wrap,2.0,False
TXN-300835,ORD-200835,CUST-100835,,Male,2024-02-23,2024-08-22 12:00:00,Kenya,Mombasa,-4.043477,39.668206,In-Store,MPesa,KES,Groceries,PRD-1331,1,418.24,0.151,1019.05,2024-08-26,2024-09-04,False,4,FLASH20,False,14,Requested gift wrap,9.0,False
TXN-300783,ORD-200783,CUST-100783,45.0,Male,2025-02-27,2025-11-02 22:00:00,Kenya,Eldoret,0.52036,35.269779,In-Store,MPesa,USD,Groceries,PRD-3609,1,1.96,0.107,0.0,2025-11-04,2025-11-13,False,4,LOYAL5,False,2,Bulk purchase,9.0,False
TXN-300515,ORD-200515,CUST-100515,36.0,Male,2024-06-11,2025-04-04 10:00:00,Uganda,Entebbe,0.0487,32.4435,Online,MPesa,KES,Groceries,PRD-7292,1,461.26,0.148,1599.48,2025-04-03,2025-04-05,False,4,NONE,False,20,Bulk purchase,2.0,False
TXN-300598,ORD-200598,CUST-100598,44.0,Female,2023-07-04,2023-07-31 13:00:00,Uganda,Kampala,0.347596,32.58252,Online,Credit Card,KES,Groceries,PRD-5648,1,358.01,0.288,294.87,2023-07-24,2023-07-25,False,3,WELCOME10,False,5,Used promo code,1.0,False
TXN-300480,ORD-200480,CUST-100480,60.0,Male,2022-12-31,2023-02-23 00:00:00,Kenya,Nakuru,-0.303099,36.080025,Online,MPesa,KES,Groceries,PRD-7630,22,200.03,0.42,430.65,2023-02-16,2023-02-24,False,4,NONE,False,30,Customer called support,8.0,False
TXN-300283,ORD-200283,CUST-100283,43.0,Prefer not to say,2024-12-06,2025-04-07 23:00:00,Kenya,Nakuru,-0.303099,36.080025,Online,,KES,Beauty,PRD-9226,2,999.66,0.109,1389.56,2025-04-13,2025-04-20,False,2,NONE,False,32,Bulk purchase,7.0,False
TXN-300602,ORD-200602,CUST-100602,62.0,Male,2024-08-22,2025-01-21 21:00:00,Kenya,Nakuru,-0.303099,36.080025,Online,MPesa,KES,Health,PRD-5525,3,621.98,0.262,1126.1,2025-01-30,2025-01-30,False,4,WELCOME10,False,25,Customer called support,0.0,False
TXN-300225,ORD-200225,CUST-100225,55.0,Female,2023-04-30,2023-08-11 12:00:00,Uganda,Gulu,2.7746,32.2989,In-Store,MPesa,KES,Clothing,PRD-3728,2,2380.58,0.253,1307.76,2023-08-14,2023-08-23,False,4,WELCOME10,False,49,No special notes,9.0,False
TXN-300026,ORD-200026,CUST-100026,22.0,Male,2025-02-14,2025-08-16 06:00:00,Uganda,Gulu,2.7746,32.2989,Online,MPesa,KES,Groceries,PRD-9779,5,453.75,0.265,1300.89,2025-08-15,2025-08-16,False,5,NONE,False,30,No special notes,1.0,False
TXN-300676,ORD-200676,CUST-100676,69.0,Male,2023-04-07,2023-08-16 00:00:00,Kenya,Nakuru,-0.303099,36.080025,Online,MPesa,KES,Clothing,PRD-2356,3,2016.72,0.5,340.42,2023-08-16,2023-08-23,True,3,BUNDLE15,False,34,First-time buyer,7.0,False
TXN-300437,ORD-200437,CUST-100437,28.0,Female,2025-05-19,2025-08-03 07:00:00,Uganda,Kampala,0.347596,32.58252,In-Store,Cash,USD,Groceries,PRD-4576,1,2.81,0.429,0.0,2025-08-11,,False,5,NONE,False,2,First-time buyer,,False
TXN-300364,ORD-200364,CUST-100364,58.0,Male,2023-07-06,2024-01-21 00:00:00,Kenya,Mombasa,-4.043477,39.668206,Online,Bank Transfer,KES,Home,PRD-9629,1,3759.73,0.263,914.38,2024-01-15,,False,3,FLASH20,False,37,Bulk purchase,,False
TXN-300229,ORD-200229,CUST-100229,42.0,Female,2025-06-03,2025-08-25 21:00:00,Kenya,Nakuru,-0.303099,36.080025,In-Store,MPesa,KES,Groceries,PRD-3873,1,261.8,0.195,1091.81,2025-08-17,2025-08-24,False,5,NONE,True,13,VIP customer,7.0,False
TXN-300037,ORD-200037,CUST-100037,57.0,Male,2023-05-20,2023-08-30 13:00:00,Uganda,Kampala,0.347596,32.58252,Online,Credit Card,KES,Clothing,PRD-8582,1,1213.3,0.234,734.85,2023-08-30,2023-09-06,False,4,WELCOME10,False,17,Delayed shipment,7.0,False
TXN-300830,ORD-200830,CUST-100830,63.0,Female,2023-07-23,2023-12-23 16:00:00,Kenya,Eldoret,0.52036,35.269779,Online,MPesa,KES,Electronics,PRD-5842,4,9390.47,0.013,780.59,2023-12-22,2023-12-31,False,3,LOYAL5,False,378,Delayed shipment,9.0,False
TXN-300374,ORD-200374,CUST-100374,35.0,Male,2024-12-10,2024-12-22 05:00:00,Kenya,Eldoret,0.52036,35.269779,In-Store,MPesa,KES,Electronics,PRD-1227,3,8264.48,0.045,647.99,2024-12-27,2024-12-31,False,4,BUNDLE15,False,243,No special notes,4.0,False
TXN-300469,ORD-200469,CUST-100469,32.0,Female,2024-10-05,2025-07-21 23:00:00,Kenya,Nakuru,-0.303099,36.080025,In-Store,MPesa,KES,Electronics,PRD-3424,2,13019.16,0.111,0.0,2025-07-22,2025-07-27,False,4,NONE,False,232,Customer called support,5.0,False
TXN-300832,ORD-200832,CUST-100832,62.0,Female,2024-07-12,2025-06-10 16:00:00,Kenya,Nakuru,-0.303099,36.080025,Online,MPesa,USD,Beauty,PRD-5027,2,13.35,0.185,2.81,2025-06-06,2025-06-11,False,5,NONE,False,32,First-time buyer,5.0,False
TXN-300734,ORD-200734,CUST-100734,28.0,Male,2022-07-21,2023-01-11 02:00:00,Uganda,Kampala,0.347596,32.58252,In-Store,MPesa,KES,Clothing,PRD-7578,2,1449.29,0.164,0.0,2023-01-10,2023-01-16,False,3,LOYAL5,False,24,No special notes,6.0,False
TXN-300631,ORD-200631,CUST-100631,66.0,Female,2023-11-20,2023-12-19 01:00:00,Kenya,Eldoret,0.52036,35.269779,Online,PayPal,KES,Home,PRD-3631,1,3224.43,0.183,171.68,2023-12-16,2023-12-17,False,4,WELCOME10,False,28,VIP customer,1.0,False
TXN-300194,ORD-200194,CUST-100194,,Female,2022-06-12,2023-02-14 09:00:00,Tanzania,Mwanza,-2.5164,32.9179,In-Store,PayPal,KES,Clothing,PRD-2055,5,1553.22,0.09,619.88,2023-02-23,2023-02-26,False,4,FLASH20,False,77,Delayed shipment,3.0,False
TXN-300736,ORD-200736,CUST-100736,66.0,Male,2023-01-04,2023-06-13 01:00:00,Tanzania,Dar es Salaam,-6.7924,39.2083,In-Store,MPesa,KES,Beauty,PRD-3841,1,1738.91,0.299,0.0,2023-06-21,2023-06-29,False,4,BUNDLE15,False,12,Used promo code,8.0,False
TXN-300745,ORD-200745,CUST-100745,25.0,Male,2022-12-05,2023-08-30 11:00:00,Tanzania,Dar es Salaam,-6.7924,39.2083,Online,Cash,KES,Groceries,PRD-7142,4,334.17,0.113,688.83,2023-08-24,2023-08-30,False,4,NONE,False,19,Bulk purchase,6.0,False
TXN-300503,ORD-200503,CUST-100503,22.0,Female,2024-10-21,2025-07-15 18:00:00,Kenya,Nairobi,-1.286389,36.817223,Online,Credit Card,KES,Clothing,PRD-7226,3,1886.52,0.186,626.24,2025-07-17,2025-07-23,False,5,NONE,False,52,No special notes,6.0,False
TXN-300834,ORD-200834,CUST-100834,35.0,Female,2025-01-12,2025-10-09 19:00:00,Kenya,Kisumu,-0.102206,34.761711,Online,Credit Card,KES,Groceries,PRD-2797,1,324.17,0.105,1324.69,2025-10-05,2025-10-05,False,3,WELCOME10,False,16,Customer called support,0.0,False
TXN-300718,ORD-200718,CUST-100718,49.0,Female,2025-02-15,2025-04-18 22:00:00,Kenya,Kisumu,-0.102206,34.761711,In-Store,MPesa,KES,Home,PRD-8888,2,2237.12,0.0,461.36,2025-04-15,2025-04-24,False,5,NONE,True,49,VIP customer,9.0,False
TXN-300833,ORD-200833,CUST-100833,49.0,Male,2022-07-09,2023-05-07 22:00:00,Kenya,Nairobi,-1.286389,36.817223,In-Store,MPesa,KES,Groceries,PRD-1260,3,383.35,0.374,0.0,2023-05-07,2023-05-14,False,5,NONE,False,7,Used promo code,7.0,False
TXN-300162,ORD-200162,CUST-100162,48.0,Male,2023-07-07,2024-04-02 12:00:00,Uganda,Kampala,0.347596,32.58252,Online,MPesa,KES,Beauty,PRD-5151,1,1639.87,0.071,1569.64,2024-04-08,2024-04-16,False,4,BUNDLE15,False,31,No special notes,8.0,False
TXN-300610,ORD-200610,CUST-100610,20.0,Male,2022-07-02,2023-04-04 20:00:00,Ethiopia,Addis Ababa,8.9806,38.7578,Online,MPesa,KES,Groceries,PRD-6414,24,351.16,0.387,695.88,2023-04-03,2023-04-09,False,5,NONE,False,59,No special notes,6.0,False
TXN-300152,ORD-200152,CUST-100152,19.0,Male,2024-06-08,2025-02-06 09:00:00,Ethiopia,Adama,8.5406,39.27,Online,MPesa,KES,Home,PRD-1971,1,3154.94,0.29,1196.25,2025-02-05,2025-02-10,False,4,WELCOME10,False,34,Requested gift wrap,5.0,False
TXN-300593,ORD-200593,CUST-100593,60.0,Prefer not to say,2024-08-06,2025-02-21 22:00:00,Kenya,Nairobi,-1.286389,36.817223,In-Store,MPesa,USD,Clothing,PRD-2617,2,16.6,0.035,0.0,2025-02-23,2025-02-27,True,3,FLASH20,False,42,Delayed shipment,4.0,False
TXN-300628,ORD-200628,CUST-100628,31.0,Male,2022-04-07,2023-02-11 07:00:00,Tanzania,Arusha,-3.3869,36.6829,In-Store,Credit Card,KES,Groceries,PRD-5584,3,188.58,0.359,1257.38,2023-02-16,2023-02-23,False,3,NONE,False,16,Delayed shipment,7.0,False
TXN-300655,ORD-200655,CUST-100655,43.0,Male,2025-04-13,2025-10-23 10:00:00,Tanzania,Arusha,-3.3869,36.6829,Online,MPesa,KES,Beauty,PRD-3334,2,1137.75,0.088,1226.41,2025-10-23,2025-10-28,True,2,NONE,False,33,First-time buyer,5.0,False
TXN-300111,ORD-200111,CUST-100111,65.0,Female,2023-07-28,2024-07-09 00:00:00,Kenya,Kisumu,-0.102206,34.761711,Online,MPesa,KES,Health,PRD-8507,1,670.85,0.477,600.17,2024-07-17,2024-07-26,False,4,,False,10,Bulk purchase,9.0,False
TXN-300226,ORD-200226,CUST-100226,40.0,Female,2024-12-01,2025-02-26 23:00:00,Kenya,Mombasa,-4.043477,39.668206,In-Store,Credit Card,KES,Clothing,PRD-8631,1,2504.22,0.088,1117.05,2025-03-08,2025-03-17,True,3,FLASH20,False,34,Delayed shipment,9.0,False
TXN-300599,ORD-200599,CUST-100599,57.0,Male,2023-03-18,2023-05-07 09:00:00,Kenya,Mombasa,-4.043477,39.668206,In-Store,MPesa,KES,Groceries,PRD-1168,1,415.48,0.089,246.19,2023-05-06,2023-05-16,False,4,LOYAL5,False,6,Delayed shipment,10.0,False
TXN-300103,ORD-200103,CUST-100103,32.0,Female,2025-01-30,2025-05-28 05:00:00,Ethiopia,Addis Ababa,8.9806,38.7578,Online,MPesa,KES,Groceries,PRD-3090,5,369.13,0.304,1542.04,2025-05-20,2025-05-30,False,4,BUNDLE15,False,28,VIP customer,10.0,False
TXN-300421,ORD-200421,CUST-100421,30.0,Male,2024-11-27,2025-11-16 13:00:00,Kenya,Nakuru,-0.303099,36.080025,In-Store,Cash,KES,Clothing,PRD-3878,1,2195.77,0.103,0.0,2025-11-14,2025-11-18,False,5,FLASH20,False,20,First-time buyer,4.0,False
TXN-300419,ORD-200419,CUST-100419,48.0,Female,2025-05-01,2025-05-28 00:00:00,Uganda,Kampala,0.347596,32.58252,In-Store,MPesa,KES,Groceries,PRD-1348,2,231.38,0.337,0.0,2025-06-03,2025-06-09,False,4,LOYAL5,False,3,Used promo code,6.0,False
TXN-300586,ORD-200586,CUST-100586,60.0,Female,2024-04-26,2025-01-29 00:00:00,Uganda,Entebbe,0.0487,32.4435,Online,MPesa,KES,Groceries,PRD-7260,3,208.37,0.467,880.62,2025-01-28,2025-01-29,False,3,NONE,True,12,Customer called support,1.0,False
TXN-300119,ORD-200119,CUST-100119,,Male,2024-02-02,2024-06-01 11:00:00,Uganda,Kampala,0.347596,32.58252,In-Store,Cash,KES,Home,PRD-5831,1,3488.68,0.135,0.0,2024-06-08,2024-06-18,False,4,LOYAL5,False,30,Bulk purchase,10.0,False
TXN-300053,ORD-200053,CUST-100053,20.0,Female,2022-12-06,2023-06-11 20:00:00,Rwanda,Kigali,-1.9441,30.0619,Online,MPesa,KES,Groceries,PRD-1195,3,247.32,0.064,897.26,2023-06-11,2023-06-15,False,5,NONE,False,16,Bulk purchase,4.0,False
TXN-300151,ORD-200151,CUST-100151,54.0,Male,2023-08-17,2024-02-03 14:00:00,Kenya,Eldoret,0.52036,35.269779,In-Store,Credit Card,KES,Electronics,PRD-1892,2,19437.76,0.147,0.0,2024-02-05,2024-02-10,False,5,FLASH20,False,331,Bulk purchase,5.0,False
TXN-300403,ORD-200403,CUST-100403,39.0,Female,2022-06-29,2023-03-08 03:00:00,Kenya,Nairobi,-1.286389,36.817223,Online,Cash,KES,Electronics,PRD-3842,2,17302.56,0.5,700.04,2023-03-03,2023-03-12,False,4,WELCOME10,False,180,VIP customer,9.0,False
TXN-300813,ORD-200813,CUST-100813,34.0,Male,2024-06-30,2025-05-22 05:00:00,Kenya,Mombasa,-4.043477,39.668206,Online,MPesa,KES,Clothing,PRD-8389,1,1657.81,0.104,803.97,2025-05-21,2025-05-31,True,2,WELCOME10,False,23,No special notes,10.0,False
TXN-300207,ORD-200207,CUST-100207,36.0,Prefer not to say,2023-06-03,2023-06-13 02:00:00,Tanzania,Arusha,-3.3869,36.6829,In-Store,PayPal,KES,Home,PRD-6255,3,2499.53,0.5,0.0,2023-06-10,2023-06-15,False,5,WELCOME10,False,37,Used promo code,5.0,False
TXN-300728,ORD-200728,CUST-100728,45.0,Female,2023-05-28,2023-11-08 00:00:00,Tanzania,Dar es Salaam,-6.7924,39.2083,Online,Credit Card,KES,Groceries,PRD-4985,1,284.75,0.058,1093.22,2023-11-16,2023-11-19,False,4,NONE,False,14,Bulk purchase,3.0,False
TXN-300843,ORD-200843,CUST-100843,51.0,Male,2024-09-18,2025-04-09 16:00:00,Kenya,Nakuru,-0.303099,36.080025,Online,MPesa,USD,Electronics,PRD-1177,1,56.6,0.09,5.24,2025-04-04,2025-04-12,False,5,LOYAL5,False,74,Customer called support,8.0,False
TXN-300008,ORD-200008,CUST-100008,55.0,Female,2024-04-27,2025-02-11 09:00:00,Kenya,Nakuru,-0.303099,36.080025,Online,MPesa,KES,Clothing,PRD-8220,2,1601.78,0.5,1117.92,2025-02-08,2025-02-12,True,3,LOYAL5,False,27,VIP customer,4.0,False
TXN-300821,ORD-200821,CUST-100821,20.0,Male,2023-10-05,2024-02-08 15:00:00,Tanzania,Dar es Salaam,-6.7924,39.2083,In-Store,Credit Card,USD,Beauty,PRD-4188,4,11.28,0.052,0.0,2024-01-31,2024-02-09,False,2,NONE,False,56,Used promo code,9.0,False
TXN-300036,ORD-200036,CUST-100036,41.0,Female,2022-12-18,2023-01-08 12:00:00,Kenya,Eldoret,0.52036,35.269779,Online,MPesa,KES,Electronics,PRD-4851,2,23793.46,0.048,208.35,2023-01-14,2023-01-18,False,5,FLASH20,False,455,Delayed shipment,4.0,False
TXN-300452,ORD-200452,CUST-100452,41.0,Male,2022-11-10,2023-03-27 16:00:00,Tanzania,Dar es Salaam,-6.7924,39.2083,In-Store,Credit Card,KES,Home,PRD-3157,2,2589.27,0.01,0.0,2023-04-01,2023-04-06,False,4,NONE,False,51,Delayed shipment,5.0,False
TXN-300253,ORD-200253,CUST-100253,52.0,Male,2024-08-27,2025-07-13 11:00:00,Uganda,Entebbe,0.0487,32.4435,Online,MPesa,KES,Groceries,PRD-6006,1,227.3,0.427,1448.03,2025-07-16,2025-07-24,False,4,WELCOME10,False,16,VIP customer,8.0,False
TXN-300303,ORD-200303,CUST-100303,21.0,Female,2025-06-10,2025-09-19 19:00:00,Rwanda,Kigali,-1.9441,30.0619,Online,Credit Card,KES,Clothing,PRD-3130,4,2063.66,0.189,1346.51,2025-09-18,2025-09-27,False,5,FLASH20,True,80,No special notes,9.0,False
TXN-300751,ORD-200751,CUST-100751,65.0,Male,2024-08-13,2025-05-25 06:00:00,Kenya,Kisumu,-0.102206,34.761711,In-Store,MPesa,KES,Groceries,PRD-2002,3,418.85,0.377,0.0,2025-05-22,2025-05-31,False,4,NONE,False,8,VIP customer,9.0,False
TXN-300571,ORD-200571,CUST-100571,,Female,2023-04-26,2024-03-03 01:00:00,Kenya,Kisumu,-0.102206,34.761711,In-Store,MPesa,KES,Home,PRD-7422,1,3507.5,0.384,0.0,2024-03-10,2024-03-11,False,4,NONE,False,22,Requested gift wrap,1.0,False
TXN-300616,ORD-200616,CUST-100616,54.0,Male,2023-10-18,2024-08-20 07:00:00,Kenya,Nakuru,-0.303099,36.080025,In-Store,Bank Transfer,KES,Clothing,PRD-2666,2,451.53,0.251,0.0,2024-08-26,2024-08-29,True,3,NONE,False,7,First-time buyer,3.0,False
TXN-300625,ORD-200625,CUST-100625,28.0,Female,2024-03-13,2024-07-07 12:00:00,Kenya,Nakuru,-0.303099,36.080025,Online,MPesa,KES,Health,PRD-3815,1,563.75,0.103,572.66,2024-06-29,2024-07-01,False,5,NONE,False,11,VIP customer,2.0,False
TXN-300262,ORD-200262,CUST-100262,26.0,Female,2023-01-19,2023-06-02 03:00:00,Kenya,Mombasa,-4.043477,39.668206,Online,MPesa,KES,Groceries,PRD-8420,1,308.28,0.047,809.01,2023-06-04,2023-06-08,False,4,NONE,False,11,Requested gift wrap,4.0,False
TXN-300297,ORD-200297,CUST-100297,50.0,Female,2025-09-09,2025-09-13 18:00:00,Rwanda,Kigali,-1.9441,30.0619,Online,Credit Card,KES,Groceries,PRD-3550,1,321.43,0.392,899.89,2025-09-19,2025-09-23,False,4,NONE,False,11,Bulk purchase,4.0,False
TXN-300414,ORD-200414,CUST-100414,29.0,Female,2023-10-14,2024-03-30 14:00:00,Kenya,Nairobi,-1.286389,36.817223,Online,MPesa,USD,Groceries,PRD-2206,1,1.81,0.24,6.12,2024-03-30,2024-04-01,False,4,NONE,False,10,Customer called support,2.0,False
TXN-300150,ORD-200150,CUST-100150,60.0,Prefer not to say,2022-10-11,2023-05-05 09:00:00,Ethiopia,Adama,8.5406,39.27,In-Store,MPesa,KES,Electronics,PRD-6496,3,22510.14,0.289,0.0,2023-05-03,2023-05-08,False,4,WELCOME10,False,480,Customer called support,5.0,False
TXN-300682,ORD-200682,CUST-100682,45.0,Male,2023-07-22,2024-02-19 18:00:00,Rwanda,Kigali,-1.9441,30.0619,Online,Bank Transfer,KES,Home,PRD-8196,1,3808.71,0.312,1450.44,2024-02-29,2024-03-06,False,4,NONE,False,41,Bulk purchase,6.0,False
TXN-300764,ORD-200764,CUST-100764,23.0,Male,2022-10-27,2023-10-19 00:00:00,Kenya,Mombasa,-4.043477,39.668206,In-Store,Credit Card,KES,Groceries,PRD-3388,1,259.52,0.105,0.0,2023-10-23,2023-10-24,False,4,BUNDLE15,False,2,Used promo code,1.0,False
TXN-300550,ORD-200550,CUST-100550,55.0,Male,2024-01-12,2024-05-05 23:00:00,Uganda,Gulu,2.7746,32.2989,Online,Credit Card,KES,Beauty,PRD-1662,3,871.67,0.088,1061.68,2024-05-02,,False,5,NONE,False,34,No special notes,,False
TXN-300488,ORD-200488,CUST-100488,23.0,Female,2023-08-28,2023-12-25 10:00:00,Uganda,Entebbe,0.0487,32.4435,Online,MPesa,USD,Home,PRD-3817,2,33.91,0.376,2.81,2023-12-24,2023-12-30,True,1,LOYAL5,False,59,Used promo code,6.0,False
TXN-300147,ORD-200147,CUST-100147,51.0,Male,2023-01-29,2023-09-01 05:00:00,Ethiopia,Adama,8.5406,39.27,Online,MPesa,KES,Electronics,PRD-5663,4,6145.25,0.088,1756.23,2023-09-04,2023-09-08,False,5,BUNDLE15,False,242,Delayed shipment,4.0,False
TXN-300146,ORD-200146,CUST-100146,57.0,Male,2024-01-01,2025-01-02 13:00:00,Kenya,Eldoret,0.52036,35.269779,Online,Credit Card,KES,Groceries,PRD-5314,3,278.56,0.345,661.25,2024-12-30,2025-01-07,False,5,FLASH20,False,12,Bulk purchase,8.0,False
TXN-300626,ORD-200626,CUST-100626,42.0,Female,2024-11-15,2025-02-25 09:00:00,Ethiopia,Adama,8.5406,39.27,Online,PayPal,KES,Clothing,PRD-5674,1,307.85,0.068,936.06,2025-03-04,2025-03-06,False,4,LOYAL5,False,12,Used promo code,2.0,False
TXN-300801,ORD-200801,CUST-100801,26.0,Female,2024-09-06,2025-07-29 20:00:00,Kenya,Mombasa,-4.043477,39.668206,In-Store,MPesa,KES,Clothing,PRD-1622,4,2040.56,0.378,0.0,2025-08-05,2025-08-09,False,3,NONE,False,51,Bulk purchase,4.0,False
TXN-300811,ORD-200811,CUST-100811,47.0,Female,2022-06-12,2023-02-28 20:00:00,Rwanda,Kigali,-1.9441,30.0619,Online,MPesa,KES,Health,PRD-6412,1,719.26,0.284,460.33,2023-03-10,2023-03-15,False,4,NONE,False,10,Requested gift wrap,5.0,False
TXN-300348,ORD-200348,CUST-100348,42.0,Male,2023-08-03,2024-06-07 21:00:00,Tanzania,Mwanza,-2.5164,32.9179,In-Store,Cash,KES,Health,PRD-4984,1,679.63,0.347,0.0,2024-06-05,2024-06-08,False,3,BUNDLE15,False,4,No special notes,3.0,False
TXN-300463,ORD-200463,CUST-100463,51.0,Female,2023-12-12,2024-01-19 12:00:00,Kenya,Kisumu,-0.102206,34.761711,Online,Cash,KES,Beauty,PRD-1923,1,1764.83,0.034,845.23,2024-01-22,2024-01-26,False,4,LOYAL5,False,25,VIP customer,4.0,False
TXN-300325,ORD-200325,CUST-100325,64.0,Male,2025-05-30,2025-06-10 19:00:00,Rwanda,Kigali,-1.9441,30.0619,In-Store,MPesa,KES,Home,PRD-4505,3,3658.65,0.342,634.75,2025-06-15,2025-06-18,True,3,WELCOME10,False,79,Used promo code,3.0,False
TXN-300186,ORD-200186,CUST-100186,58.0,Female,2023-09-28,2024-03-22 23:00:00,Tanzania,Mwanza,-2.5164,32.9179,In-Store,MPesa,KES,Groceries,PRD-9992,2,329.24,0.275,0.0,2024-03-28,2024-04-07,False,5,NONE,False,5,Delayed shipment,10.0,False
TXN-300123,ORD-200123,CUST-100123,21.0,Female,2025-05-22,2025-10-14 07:00:00,Kenya,Mombasa,-4.043477,39.668206,Online,MPesa,USD,Electronics,PRD-3481,31,147.18,0.0,2.28,2025-10-09,2025-10-18,False,4,LOYAL5,True,5934,Customer called support,9.0,False
TXN-300735,ORD-200735,CUST-100735,37.0,Male,2022-10-14,2023-09-27 05:00:00,Uganda,Kampala,0.347596,32.58252,In-Store,MPesa,USD,Health,PRD-9180,1,2.54,0.199,0.0,2023-09-18,2023-09-24,False,4,NONE,False,3,First-time buyer,6.0,False
TXN-300608,ORD-200608,CUST-100608,23.0,Male,2023-02-23,2023-10-09 10:00:00,Kenya,Kisumu,-0.102206,34.761711,Online,MPesa,USD,Clothing,PRD-2117,3,12.6,0.344,6.41,2023-10-08,2023-10-17,False,4,LOYAL5,False,41,Bulk purchase,9.0,False
TXN-300143,ORD-200143,CUST-100143,31.0,Male,2023-07-06,2023-08-04 16:00:00,Tanzania,Arusha,-3.3869,36.6829,Online,Cash,KES,Electronics,PRD-3032,1,17729.51,0.185,639.95,2023-08-08,2023-08-08,False,4,FLASH20,False,151,Bulk purchase,0.0,False
TXN-300824,ORD-200824,CUST-100824,46.0,Male,2025-07-12,2025-08-20 18:00:00,Kenya,Eldoret,0.52036,35.269779,Online,MPesa,KES,Electronics,PRD-8768,3,15999.04,0.153,664.59,2025-08-15,2025-08-15,False,4,NONE,False,413,Bulk purchase,0.0,False
TXN-300197,ORD-200197,CUST-100197,22.0,Female,2022-12-23,2023-04-20 18:00:00,Ethiopia,Addis Ababa,8.9806,38.7578,Online,MPesa,KES,Electronics,PRD-6670,4,17687.18,0.109,581.74,2023-04-14,2023-04-21,False,3,NONE,False,636,Bulk purchase,7.0,False
TXN-300609,ORD-200609,CUST-100609,45.0,Female,2024-02-02,2024-10-23 22:00:00,Kenya,Eldoret,0.52036,35.269779,In-Store,PayPal,USD,Electronics,PRD-2405,4,91.61,0.066,0.0,2024-10-28,2024-11-05,False,4,FLASH20,False,445,Used promo code,8.0,False
TXN-300279,ORD-200279,CUST-100279,34.0,Female,2023-07-26,2024-02-12 10:00:00,Ethiopia,Adama,8.5406,39.27,Online,Credit Card,KES,Electronics,PRD-8273,1,17075.02,0.337,1385.95,2024-02-04,2024-02-06,False,3,NONE,False,127,Customer called support,2.0,False
TXN-300293,ORD-200293,CUST-100293,22.0,Female,2024-05-14,2025-04-11 10:00:00,Uganda,Kampala,0.347596,32.58252,Online,Bank Transfer,KES,Electronics,PRD-8010,2,9684.16,0.296,1545.84,2025-04-17,2025-04-25,False,3,WELCOME10,False,152,VIP customer,8.0,False
TXN-300400,ORD-200400,CUST-100400,54.0,Male,2023-03-03,2023-07-28 22:00:00,Kenya,Nakuru,-0.303099,36.080025,In-Store,PayPal,KES,Clothing,PRD-8366,2,1575.68,0.128,0.0,2023-08-05,2023-08-10,False,5,NONE,False,27,Used promo code,5.0,False
TXN-300122,ORD-200122,CUST-100122,28.0,Female,2024-05-03,2024-07-18 12:00:00,Kenya,Mombasa,-4.043477,39.668206,Online,Bank Transfer,USD,Groceries,PRD-2924,3,2.54,0.109,2.91,2024-07-10,,False,4,NONE,False,13,Requested gift wrap,,False
TXN-300183,ORD-200183,CUST-100183,41.0,Non-binary,2022-05-22,2023-01-05 15:00:00,Ethiopia,Addis Ababa,8.9806,38.7578,In-Store,MPesa,KES,Groceries,PRD-2569,1,282.41,0.065,0.0,2023-01-02,2023-01-09,False,5,BUNDLE15,False,3,VIP customer,7.0,False
TXN-300202,ORD-200202,CUST-100202,40.0,Male,2025-03-07,2025-06-23 12:00:00,Tanzania,Mwanza,-2.5164,32.9179,Online,Cash,KES,Beauty,PRD-4428,1,1053.0,0.06,1263.7,2025-07-02,2025-07-06,False,4,NONE,False,23,Delayed shipment,4.0,False
TXN-300438,ORD-200438,CUST-100438,19.0,Female,2023-12-17,2024-04-29 22:00:00,Kenya,Eldoret,0.52036,35.269779,Online,Cash,KES,Electronics,PRD-6113,3,8599.9,0.052,1032.82,2024-05-06,2024-05-12,False,5,NONE,False,255,Bulk purchase,6.0,False
TXN-300246,ORD-200246,CUST-100246,58.0,Female,2022-09-08,2023-06-27 22:00:00,Uganda,Entebbe,0.0487,32.4435,Online,MPesa,KES,Electronics,PRD-4748,4,3447.25,0.249,442.89,2023-06-30,2023-07-04,False,5,NONE,False,108,VIP customer,4.0,False
TXN-300415,ORD-200415,CUST-100415,30.0,Female,2024-08-02,2024-12-26 07:00:00,Rwanda,Butare,-2.598,29.7396,Online,MPesa,KES,Electronics,PRD-9601,1,12832.52,0.121,521.66,2024-12-18,2024-12-26,False,4,WELCOME10,False,118,Delayed shipment,8.0,False
TXN-300763,ORD-200763,CUST-100763,55.0,Male,2023-06-04,2024-02-13 02:00:00,Uganda,Entebbe,0.0487,32.4435,Online,PayPal,KES,Electronics,PRD-9532,1,5678.33,0.214,706.58,2024-02-06,2024-02-16,False,4,NONE,True,52,Delayed shipment,10.0,False
TXN-300129,ORD-200129,CUST-100129,38.0,Female,2023-11-18,2024-09-28 09:00:00,Kenya,Eldoret,0.52036,35.269779,In-Store,MPesa,KES,Clothing,PRD-5150,1,2677.68,0.094,0.0,2024-09-19,2024-09-21,False,4,BUNDLE15,False,24,Requested gift wrap,2.0,False
TXN-300637,ORD-200637,CUST-100637,61.0,Prefer not to say,2025-02-17,2025-03-23 10:00:00,Tanzania,Dar es Salaam,-6.7924,39.2083,Online,PayPal,KES,Groceries,PRD-3176,1,270.84,0.162,473.35,2025-03-14,2025-03-18,False,3,NONE,False,7,Delayed shipment,4.0,False
TXN-300402,ORD-200402,CUST-100402,65.0,Female,2024-11-07,2025-05-23 22:00:00,Ethiopia,Addis Ababa,8.9806,38.7578,In-Store,MPesa,USD,Home,PRD-5882,1,16.26,0.206,0.0,2025-05-22,2025-05-30,False,3,NONE,False,17,First-time buyer,8.0,False
TXN-300678,ORD-200678,CUST-100678,51.0,Female,2022-09-16,2023-02-11 23:00:00,Tanzania,Dar es Salaam,-6.7924,39.2083,In-Store,MPesa,KES,Groceries,PRD-2600,2,269.41,0.444,0.0,2023-02-03,2023-02-12,False,4,FLASH20,True,3,Used promo code,9.0,False
TXN-300667,ORD-200667,CUST-100667,33.0,Male,2022-05-30,2023-05-14 09:00:00,Uganda,Kampala,0.347596,32.58252,Online,MPesa,KES,Clothing,PRD-5161,6,1397.56,0.177,1606.16,2023-05-06,2023-05-09,False,5,NONE,False,85,VIP customer,3.0,False
TXN-300785,ORD-200785,CUST-100785,25.0,Male,2024-09-25,2025-07-12 06:00:00,Uganda,Kampala,0.347596,32.58252,Online,MPesa,KES,Beauty,PRD-1223,2,1062.93,0.193,1575.59,2025-07-11,2025-07-14,False,4,BUNDLE15,False,33,First-time buyer,3.0,False
TXN-300219,ORD-200219,CUST-100219,,Male,2024-06-02,2025-01-11 08:00:00,Kenya,Nakuru,-0.303099,36.080025,Online,MPesa,USD,Groceries,PRD-5027,6,1.08,0.215,7.91,2025-01-19,2025-01-25,False,5,NONE,False,17,No special notes,6.0,False
TXN-300641,ORD-200641,CUST-100641,61.0,Male,2023-09-12,2023-10-27 19:00:00,Rwanda,Butare,-2.598,29.7396,In-Store,MPesa,KES,Electronics,PRD-5258,1,16208.4,0.055,0.0,2023-10-30,2023-11-06,False,5,WELCOME10,False,153,Requested gift wrap,7.0,False
TXN-300787,ORD-200787,CUST-100787,65.0,Female,2022-07-20,2023-06-04 06:00:00,Rwanda,Butare,-2.598,29.7396,Online,MPesa,KES,Electronics,PRD-8916,1,21210.0,0.319,841.07,2023-06-06,2023-06-14,False,5,FLASH20,False,153,Customer called support,8.0,False
TXN-300652,ORD-200652,CUST-100652,55.0,Male,2024-06-29,2024-11-29 18:00:00,Kenya,Eldoret,0.52036,35.269779,Online,MPesa,USD,Health,PRD-3408,3,6.83,0.045,8.24,2024-11-29,2024-12-07,False,4,BUNDLE15,False,36,Used promo code,8.0,False
TXN-300790,ORD-200790,CUST-100790,26.0,Male,2025-01-25,2025-09-27 04:00:00,Uganda,Kampala,0.347596,32.58252,Online,Credit Card,KES,Groceries,PRD-3086,3,142.11,0.136,1619.15,2025-09-23,2025-09-30,False,4,BUNDLE15,False,20,Used promo code,7.0,False
TXN-300624,ORD-200624,CUST-100624,31.0,Female,2025-07-13,2025-12-01 02:00:00,Kenya,Nakuru,-0.303099,36.080025,Online,MPesa,KES,Electronics,PRD-3054,6,26962.14,0.341,1264.9,2025-12-05,2025-12-08,False,5,WELCOME10,False,1079,Requested gift wrap,3.0,False
TXN-300767,ORD-200767,CUST-100767,22.0,Female,2023-04-22,2024-03-05 21:00:00,Uganda,Entebbe,0.0487,32.4435,Online,MPesa,KES,Beauty,PRD-2700,2,1122.81,0.0,497.24,2024-02-26,,False,5,LOYAL5,False,27,Requested gift wrap,,False
TXN-300660,ORD-200660,CUST-100660,68.0,Female,2024-05-25,2025-01-08 20:00:00,Kenya,Mombasa,-4.043477,39.668206,Online,PayPal,USD,Clothing,PRD-8085,1,8.5,0.5,11.12,2025-01-08,2025-01-11,False,4,WELCOME10,False,20,No special notes,3.0,False
TXN-300386,ORD-200386,CUST-100386,66.0,Female,2024-03-10,2025-01-07 14:00:00,Tanzania,Mwanza,-2.5164,32.9179,Online,MPesa,KES,Health,PRD-4116,3,496.99,0.281,1372.23,2024-12-29,,False,5,FLASH20,False,24,Customer called support,,False
TXN-300836,ORD-200836,CUST-100836,21.0,Male,2024-12-20,2025-10-12 19:00:00,Kenya,Nakuru,-0.303099,36.080025,Online,Credit Card,KES,Home,PRD-5210,3,2701.53,0.049,859.41,2025-10-10,2025-10-18,True,3,WELCOME10,False,86,VIP customer,8.0,False
TXN-300509,ORD-200509,CUST-100509,59.0,Female,2023-11-01,2024-02-03 01:00:00,Kenya,Mombasa,-4.043477,39.668206,Online,MPesa,USD,Groceries,PRD-2650,2,2.16,0.149,9.9,2024-01-25,2024-01-27,False,5,NONE,False,18,Used promo code,2.0,False
TXN-300267,ORD-200267,CUST-100267,33.0,Male,2024-06-16,2025-01-23 11:00:00,Rwanda,Butare,-2.598,29.7396,In-Store,MPesa,KES,Electronics,PRD-6415,3,18516.47,0.103,253.15,2025-01-28,2025-01-29,False,5,BUNDLE15,False,501,Used promo code,1.0,False
TXN-300709,ORD-200709,CUST-100709,47.0,Female,2023-06-11,2024-05-14 20:00:00,Ethiopia,Addis Ababa,8.9806,38.7578,Online,MPesa,KES,Beauty,PRD-9136,1,1594.53,0.332,295.95,2024-05-18,2024-05-28,False,4,WELCOME10,True,14,Bulk purchase,10.0,False
TXN-300441,ORD-200441,CUST-100441,39.0,Female,2025-04-14,2025-07-28 04:00:00,Kenya,Eldoret,0.52036,35.269779,Online,MPesa,KES,Clothing,PRD-3134,2,2126.31,0.043,711.32,2025-08-03,2025-08-08,False,4,NONE,False,48,Used promo code,5.0,False
TXN-300496,ORD-200496,CUST-100496,52.0,Male,2023-09-19,2024-06-13 19:00:00,Kenya,Eldoret,0.52036,35.269779,In-Store,Credit Card,KES,Clothing,PRD-9943,3,1611.88,0.356,507.2,2024-06-23,2024-06-30,False,5,NONE,False,36,First-time buyer,7.0,False
TXN-300112,ORD-200112,CUST-100112,57.0,Non-binary,2025-10-06,2025-10-21 14:00:00,Uganda,Kampala,0.347596,32.58252,Online,Cash,KES,Beauty,PRD-9685,4,731.18,0.336,895.26,2025-10-17,2025-10-21,False,4,NONE,False,28,Customer called support,4.0,False
TXN-300232,ORD-200232,CUST-100232,37.0,Female,2024-06-11,2025-03-29 12:00:00,Kenya,Mombasa,-4.043477,39.668206,In-Store,Bank Transfer,KES,Clothing,PRD-3467,3,2235.69,0.104,1365.51,2025-03-26,2025-04-02,False,5,LOYAL5,False,74,Customer called support,7.0,False
TXN-300750,ORD-200750,CUST-100750,61.0,Female,2024-08-10,2025-06-29 05:00:00,Kenya,Kisumu,-0.102206,34.761711,In-Store,Credit Card,KES,Groceries,PRD-3190,1,477.99,0.07,0.0,2025-07-06,2025-07-15,False,4,FLASH20,False,4,No special notes,9.0,False
TXN-300607,ORD-200607,CUST-100607,20.0,Female,2025-02-23,2025-06-21 10:00:00,Tanzania,Mwanza,-2.5164,32.9179,In-Store,MPesa,KES,Groceries,PRD-9544,3,508.42,0.0,0.0,2025-06-18,2025-06-28,False,4,WELCOME10,False,15,No special notes,10.0,False
TXN-300373,ORD-200373,CUST-100373,27.0,Male,2022-12-19,2023-02-12 12:00:00,Kenya,Nakuru,-0.303099,36.080025,Online,Cash,KES,Clothing,PRD-1065,1,2090.23,0.192,378.9,2023-02-04,2023-02-12,False,5,NONE,False,21,Requested gift wrap,8.0,False
TXN-300845,ORD-200845,CUST-100845,25.0,Female,2024-03-24,2024-07-10 21:00:00,Uganda,Kampala,0.347596,32.58252,In-Store,MPesa,KES,Health,PRD-9963,2,688.74,0.232,192.3,2024-07-20,2024-07-25,False,3,,False,13,First-time buyer,5.0,False
TXN-300233,ORD-200233,CUST-100233,22.0,Male,2023-11-13,2024-10-15 20:00:00,Kenya,Eldoret,0.52036,35.269779,Online,Cash,KES,Beauty,PRD-5315,1,924.57,0.162,445.04,2024-10-20,,False,5,LOYAL5,False,12,Used promo code,,False
TXN-300679,ORD-200679,CUST-100679,63.0,Male,2024-05-05,2024-09-23 02:00:00,Uganda,Entebbe,0.0487,32.4435,Online,MPesa,KES,Beauty,PRD-8157,1,1937.73,0.0,363.81,2024-09-14,2024-09-24,False,4,BUNDLE15,False,23,Customer called support,10.0,False
TXN-300317,ORD-200317,CUST-100317,33.0,Male,2023-03-03,2023-04-17 00:00:00,Ethiopia,Addis Ababa,8.9806,38.7578,Online,MPesa,KES,Home,PRD-3804,4,2312.27,0.0,1949.31,2023-04-27,2023-05-06,False,4,LOYAL5,False,112,First-time buyer,9.0,False
TXN-300648,ORD-200648,CUST-100648,54.0,Male,2023-02-25,2023-03-28 17:00:00,Rwanda,Kigali,-1.9441,30.0619,In-Store,Bank Transfer,KES,Groceries,PRD-6059,4,336.11,0.123,0.0,2023-03-19,2023-03-27,False,5,NONE,False,12,Customer called support,8.0,False
TXN-300410,ORD-200410,CUST-100410,20.0,Female,2023-09-09,2024-02-08 18:00:00,Kenya,Nakuru,-0.303099,36.080025,In-Store,Bank Transfer,KES,Groceries,PRD-4072,3,409.12,0.268,0.0,2024-01-31,2024-02-03,False,5,NONE,False,9,No special notes,3.0,False
TXN-300773,ORD-200773,CUST-100773,40.0,Female,2023-02-15,2023-05-28 03:00:00,Kenya,Nakuru,-0.303099,36.080025,Online,MPesa,KES,Groceries,PRD-2833,2,256.15,0.426,1216.09,2023-05-25,2023-06-01,False,4,BUNDLE15,False,15,Customer called support,7.0,False
TXN-300358,ORD-200358,CUST-100358,54.0,Male,2023-01-03,2023-09-18 07:00:00,Kenya,Kisumu,-0.102206,34.761711,Online,Credit Card,KES,Clothing,PRD-8275,5,1241.74,0.446,767.69,2023-09-15,2023-09-15,False,5,BUNDLE15,False,42,Requested gift wrap,0.0,False
TXN-300258,ORD-200258,CUST-100258,21.0,Male,2024-04-13,2024-11-21 10:00:00,Kenya,Mombasa,-4.043477,39.668206,Online,MPesa,USD,Electronics,PRD-5485,2,109.79,0.277,6.9,2024-11-16,2024-11-24,False,4,WELCOME10,False,215,First-time buyer,8.0,False
TXN-300627,ORD-200627,CUST-100627,48.0,Female,2023-01-05,2023-09-01 00:00:00,Kenya,Nakuru,-0.303099,36.080025,Online,MPesa,KES,Groceries,PRD-6196,3,251.05,0.108,1377.79,2023-09-06,2023-09-08,False,3,NONE,False,20,Delayed shipment,2.0,False
TXN-300632,ORD-200632,CUST-100632,53.0,Male,2023-01-25,2023-04-13 07:00:00,Kenya,Kisumu,-0.102206,34.761711,Online,Credit Card,USD,Electronics,PRD-7345,3,107.32,0.062,2.27,2023-04-17,2023-04-23,False,3,LOYAL5,False,396,No special notes,6.0,False
TXN-300282,ORD-200282,CUST-100282,20.0,Female,2024-01-09,2024-04-17 09:00:00,Uganda,Gulu,2.7746,32.2989,In-Store,MPesa,KES,Health,PRD-9056,1,748.5,0.107,0.0,2024-04-15,2024-04-17,False,4,NONE,False,7,Used promo code,2.0,False
TXN-300376,ORD-200376,CUST-100376,25.0,Male,2022-11-22,2023-03-29 21:00:00,Rwanda,Butare,-2.598,29.7396,Online,Cash,KES,Beauty,PRD-7800,3,1454.8,0.0,1648.36,2023-03-31,2023-04-08,False,5,NONE,True,60,Customer called support,8.0,False
TXN-300384,ORD-200384,CUST-100384,55.0,Male,2024-07-23,2025-04-14 09:00:00,Rwanda,Kigali,-1.9441,30.0619,Online,MPesa,KES,Home,PRD-8137,2,2543.37,0.203,1087.55,2025-04-05,2025-04-06,True,5,NONE,False,51,Customer called support,1.0,False
TXN-300224,ORD-200224,CUST-100224,40.0,Prefer not to say,2022-10-01,2023-01-24 22:00:00,Tanzania,Arusha,-3.3869,36.6829,In-Store,MPesa,KES,Clothing,PRD-8530,2,2514.24,0.36,0.0,2023-01-27,,False,4,LOYAL5,False,32,No special notes,,False
TXN-300819,ORD-200819,CUST-100819,38.0,Male,2023-08-30,2023-10-24 15:00:00,Kenya,Kisumu,-0.102206,34.761711,Online,Cash,KES,Groceries,PRD-8442,5,264.79,0.166,508.16,2023-10-29,2023-11-08,False,4,NONE,False,16,Delayed shipment,10.0,False
TXN-300705,ORD-200705,CUST-100705,49.0,Female,2022-06-16,2022-12-31 16:00:00,Kenya,Kisumu,-0.102206,34.761711,Online,MPesa,KES,Electronics,PRD-4412,2,13385.04,0.498,928.22,2023-01-04,2023-01-07,False,5,NONE,False,144,Used promo code,3.0,False
TXN-300472,ORD-200472,CUST-100472,20.0,Female,2024-04-05,2024-11-07 21:00:00,Kenya,Nairobi,-1.286389,36.817223,Online,MPesa,KES,Electronics,PRD-1453,38,18865.91,0.245,775.49,2024-11-15,2024-11-17,False,3,LOYAL5,False,5421,Delayed shipment,2.0,False
TXN-300347,ORD-200347,CUST-100347,46.0,Male,2022-09-25,2023-01-22 05:00:00,Uganda,Gulu,2.7746,32.2989,Online,MPesa,KES,Groceries,PRD-8185,4,226.96,0.404,1766.16,2023-01-23,2023-02-02,False,4,WELCOME10,False,23,VIP customer,10.0,False
TXN-300505,ORD-200505,CUST-100505,41.0,Female,2024-05-10,2025-01-10 08:00:00,Kenya,Nakuru,-0.303099,36.080025,Online,MPesa,KES,Groceries,PRD-1782,3,399.98,0.211,887.52,2025-01-01,2025-01-05,False,5,NONE,False,18,VIP customer,4.0,False
TXN-300639,ORD-200639,CUST-100639,20.0,Non-binary,2024-01-24,2024-09-12 02:00:00,Uganda,Kampala,0.347596,32.58252,Online,MPesa,KES,Groceries,PRD-9097,1,264.91,0.074,1177.58,2024-09-16,2024-09-25,False,5,BUNDLE15,False,14,Requested gift wrap,9.0,False
TXN-300512,ORD-200512,CUST-100512,24.0,Female,2024-10-10,2024-11-29 02:00:00,Kenya,Eldoret,0.52036,35.269779,Online,MPesa,KES,Beauty,PRD-2015,2,1678.97,0.415,775.36,2024-12-09,2024-12-15,False,4,LOYAL5,True,27,Delayed shipment,6.0,True
TXN-300799,ORD-200799,CUST-100799,,Female,2023-07-23,2023-08-17 19:00:00,Kenya,Nakuru,-0.303099,36.080025,Online,MPesa,USD,Home,PRD-3534,3,28.29,0.0,4.0,2023-08-16,2023-08-21,False,4,WELCOME10,False,116,Bulk purchase,5.0,False
TXN-300778,ORD-200778,CUST-100778,,Female,2025-03-04,2025-11-25 19:00:00,Tanzania,Mwanza,-2.5164,32.9179,Online,,KES,Groceries,PRD-8553,1,294.33,0.12,1511.94,2025-11-28,2025-12-04,False,5,WELCOME10,False,18,First-time buyer,6.0,False
TXN-300619,ORD-200619,CUST-100619,34.0,Female,2024-06-21,2025-04-10 22:00:00,Ethiopia,Adama,8.5406,39.27,In-Store,Credit Card,KES,Health,PRD-9213,1,776.63,0.021,0.0,2025-04-17,2025-04-23,False,5,NONE,False,8,Used promo code,6.0,False
TXN-300737,ORD-200737,CUST-100737,67.0,Male,2024-09-29,2025-06-19 14:00:00,Uganda,Entebbe,0.0487,32.4435,Online,PayPal,USD,Electronics,PRD-6716,1,98.63,0.164,7.11,2025-06-16,2025-06-26,False,5,BUNDLE15,False,116,Delayed shipment,10.0,False
TXN-300645,ORD-200645,CUST-100645,18.0,Male,2024-02-25,2024-06-16 06:00:00,Kenya,Kisumu,-0.102206,34.761711,Online,Cash,KES,Home,PRD-1877,1,2445.56,0.0,1361.9,2024-06-09,,False,4,NONE,True,38,First-time buyer,,False
TXN-300730,ORD-200730,CUST-100730,,Female,2025-04-15,2025-04-15 06:00:00,Uganda,Entebbe,0.0487,32.4435,In-Store,Bank Transfer,KES,Home,PRD-2294,3,3314.05,0.402,1679.03,2025-04-24,2025-05-03,False,5,WELCOME10,False,76,Delayed shipment,9.0,False
TXN-300556,ORD-200556,CUST-100556,62.0,Male,2023-12-27,2024-03-15 09:00:00,Kenya,Mombasa,-4.043477,39.668206,In-Store,MPesa,USD,Home,PRD-4620,1,13.43,0.153,0.0,2024-03-13,2024-03-20,False,4,BUNDLE15,False,15,VIP customer,7.0,False
TXN-300823,ORD-200823,CUST-100823,19.0,Female,2023-02-28,2023-05-29 15:00:00,Tanzania,Dar es Salaam,-6.7924,39.2083,Online,MPesa,KES,Health,PRD-1571,1,981.11,0.212,969.86,2023-05-21,2023-05-22,False,5,BUNDLE15,False,17,Bulk purchase,1.0,False
TXN-300577,ORD-200577,CUST-100577,68.0,Female,2024-05-11,2025-03-09 01:00:00,Kenya,Eldoret,0.52036,35.269779,Online,PayPal,USD,Groceries,PRD-6132,1,2.07,0.187,6.56,2025-03-08,2025-03-11,False,3,NONE,True,11,No special notes,3.0,False
TXN-300085,ORD-200085,CUST-100085,19.0,Male,2023-02-24,2023-07-17 16:00:00,Uganda,Gulu,2.7746,32.2989,Online,MPesa,KES,Electronics,PRD-8534,2,19859.33,0.184,1569.98,2023-07-20,2023-07-20,False,3,WELCOME10,False,340,VIP customer,0.0,False
TXN-300242,ORD-200242,CUST-100242,18.0,Male,2025-08-27,2025-11-25 00:00:00,Kenya,Nairobi,-1.286389,36.817223,Online,Bank Transfer,KES,Groceries,PRD-8506,4,351.66,0.032,1407.15,2025-11-26,2025-12-02,False,4,LOYAL5,False,28,VIP customer,6.0,False
TXN-300698,ORD-200698,CUST-100698,65.0,Female,2024-12-22,2025-11-21 15:00:00,Kenya,Mombasa,-4.043477,39.668206,Online,MPesa,KES,Beauty,PRD-4254,3,186.67,0.064,1136.53,2025-11-29,2025-12-07,False,4,NONE,False,17,First-time buyer,8.0,False
TXN-300159,ORD-200159,CUST-100159,58.0,Female,2022-10-11,2023-05-17 14:00:00,Rwanda,Kigali,-1.9441,30.0619,Online,MPesa,KES,Health,PRD-4417,2,780.05,0.024,350.35,2023-05-24,2023-05-31,False,5,NONE,False,19,Bulk purchase,7.0,False
TXN-300524,ORD-200524,CUST-100524,62.0,Female,2024-11-16,2025-04-30 21:00:00,Ethiopia,Addis Ababa,8.9806,38.7578,Online,MPesa,KES,Groceries,PRD-4747,2,313.01,0.176,1278.58,2025-05-02,2025-05-10,False,5,BUNDLE15,False,18,First-time buyer,8.0,False
TXN-300035,ORD-200035,CUST-100035,29.0,Male,2023-07-01,2023-11-17 06:00:00,Kenya,Nairobi,-1.286389,36.817223,In-Store,MPesa,KES,Groceries,PRD-2598,1,172.18,0.207,856.03,2023-11-12,2023-11-15,False,5,WELCOME10,True,10,Customer called support,3.0,False
TXN-300540,ORD-200540,CUST-100540,25.0,Male,2024-07-25,2024-11-07 02:00:00,Ethiopia,Adama,8.5406,39.27,In-Store,MPesa,KES,Groceries,PRD-7029,2,294.37,0.162,0.0,2024-11-07,2024-11-08,False,5,NONE,False,5,First-time buyer,1.0,False
TXN-300170,ORD-200170,CUST-100170,54.0,Non-binary,2025-02-11,2025-07-20 13:00:00,Kenya,Kisumu,-0.102206,34.761711,In-Store,MPesa,KES,Clothing,PRD-1795,1,2075.61,0.08,1417.49,2025-07-17,2025-07-19,False,5,LOYAL5,True,33,Customer called support,2.0,False
TXN-300654,ORD-200654,CUST-100654,59.0,Male,2025-06-08,2025-10-24 20:00:00,Uganda,Kampala,0.347596,32.58252,Online,MPesa,USD,Groceries,PRD-4948,1,2.16,0.094,6.27,2025-10-27,2025-10-30,False,5,NONE,False,11,First-time buyer,3.0,False
TXN-300739,ORD-200739,CUST-100739,56.0,Male,2023-02-26,2023-11-16 19:00:00,Kenya,Nakuru,-0.303099,36.080025,Online,Credit Card,KES,Electronics,PRD-4562,3,14316.16,0.388,376.64,2023-11-17,2023-11-17,False,5,WELCOME10,False,267,Requested gift wrap,0.0,False
TXN-300731,ORD-200731,CUST-100731,38.0,Female,2023-07-29,2023-09-15 01:00:00,Kenya,Nairobi,-1.286389,36.817223,Online,MPesa,KES,Home,PRD-2009,4,1683.87,0.161,1330.5,2023-09-16,2023-09-15,False,5,BUNDLE15,False,70,VIP customer,-1.0,False
TXN-300812,ORD-200812,CUST-100812,69.0,Female,2022-05-23,2023-01-20 15:00:00,Kenya,Kisumu,-0.102206,34.761711,In-Store,MPesa,KES,Groceries,PRD-9710,1,225.14,0.036,1175.84,2023-01-11,2023-01-13,False,4,NONE,False,14,Customer called support,2.0,False
TXN-300095,ORD-200095,CUST-100095,41.0,Non-binary,2024-05-06,2024-12-28 03:00:00,Tanzania,Arusha,-3.3869,36.6829,In-Store,PayPal,USD,Electronics,PRD-1360,6,76.48,0.328,0.0,2024-12-26,2024-12-26,False,4,,False,401,No special notes,0.0,False
TXN-300563,ORD-200563,CUST-100563,61.0,Male,2024-02-14,2025-02-09 05:00:00,Kenya,Mombasa,-4.043477,39.668206,In-Store,MPesa,KES,Groceries,PRD-6554,3,305.67,0.278,0.0,2025-02-01,2025-02-10,False,4,WELCOME10,False,7,VIP customer,9.0,False
TXN-300240,ORD-200240,CUST-100240,64.0,Male,2024-05-22,2024-05-28 19:00:00,Kenya,Mombasa,-4.043477,39.668206,In-Store,MPesa,KES,Electronics,PRD-8872,3,15034.45,0.098,0.0,2024-06-01,2024-06-11,False,4,LOYAL5,False,407,Requested gift wrap,10.0,False
TXN-300574,ORD-200574,CUST-100574,28.0,Female,2024-05-26,2025-01-10 19:00:00,Kenya,Kisumu,-0.102206,34.761711,In-Store,Cash,KES,Clothing,PRD-9825,2,1372.93,0.052,0.0,2025-01-07,2025-01-11,False,4,FLASH20,False,26,No special notes,4.0,False
TXN-300690,ORD-200690,CUST-100690,41.0,Male,2024-05-24,2024-06-03 07:00:00,Kenya,Nairobi,-1.286389,36.817223,Online,Credit Card,KES,Electronics,PRD-5080,6,19975.33,0.353,1321.79,2024-05-30,2024-06-01,False,3,NONE,False,789,Customer called support,2.0,False
TXN-300460,ORD-200460,CUST-100460,49.0,Prefer not to say,2024-12-17,2025-04-16 19:00:00,Kenya,Mombasa,-4.043477,39.668206,In-Store,Bank Transfer,KES,Home,PRD-9138,1,720.5,0.234,0.0,2025-04-08,2025-04-09,False,4,LOYAL5,False,6,VIP customer,1.0,False
TXN-300553,ORD-200553,CUST-100553,63.0,Female,2022-08-04,2023-06-07 01:00:00,Kenya,Mombasa,-4.043477,39.668206,Online,Credit Card,KES,Groceries,PRD-4087,1,239.48,0.022,224.78,2023-06-03,2023-06-03,False,5,NONE,False,5,Customer called support,0.0,False
TXN-300756,ORD-200756,CUST-100756,52.0,Female,2024-12-31,2025-05-01 13:00:00,Uganda,Kampala,0.347596,32.58252,Online,MPesa,KES,Beauty,PRD-7200,23,857.46,0.037,1132.52,2025-04-30,2025-05-08,False,5,NONE,False,201,Delayed shipment,8.0,False
TXN-300206,ORD-200206,CUST-100206,51.0,Prefer not to say,2025-06-06,2025-08-13 11:00:00,Tanzania,Arusha,-3.3869,36.6829,Online,MPesa,KES,Electronics,PRD-7260,4,10658.52,0.198,1211.36,2025-08-14,2025-08-16,False,5,WELCOME10,False,354,First-time buyer,2.0,False
TXN-300392,ORD-200392,CUST-100392,41.0,Male,2022-12-19,2023-07-05 23:00:00,Kenya,Mombasa,-4.043477,39.668206,Online,MPesa,KES,Groceries,PRD-9981,3,477.92,0.193,978.99,2023-07-11,2023-07-12,False,4,NONE,False,21,Delayed shipment,1.0,False
TXN-300397,ORD-200397,CUST-100397,46.0,Non-binary,2024-03-22,2024-11-01 22:00:00,Rwanda,Butare,-2.598,29.7396,Online,Cash,KES,Home,PRD-4656,1,1599.65,0.116,330.61,2024-10-24,2024-10-29,False,5,LOYAL5,False,17,No special notes,5.0,False
TXN-300732,ORD-200732,CUST-100732,67.0,Female,2025-05-01,2025-06-22 02:00:00,Kenya,Eldoret,0.52036,35.269779,In-Store,Cash,KES,Groceries,PRD-2757,2,371.51,0.363,0.0,2025-06-20,2025-06-25,False,5,NONE,False,5,Customer called support,5.0,False
TXN-300217,ORD-200217,CUST-100217,58.0,Male,2023-09-06,2024-04-10 07:00:00,Uganda,Kampala,0.347596,32.58252,In-Store,MPesa,KES,Health,PRD-1063,1,1008.9,0.175,0.0,2024-04-14,2024-04-19,False,5,NONE,False,8,No special notes,5.0,False
TXN-300004,ORD-200004,CUST-100004,56.0,Male,2023-06-03,2023-12-06 14:00:00,Kenya,Mombasa,-4.043477,39.668206,Online,Cash,KES,Beauty,PRD-2461,4,1170.55,0.038,871.79,2023-11-27,2023-12-04,False,5,NONE,True,54,Requested gift wrap,7.0,False
TXN-300642,ORD-200642,CUST-100642,43.0,Female,2023-12-04,2024-09-24 02:00:00,Tanzania,Mwanza,-2.5164,32.9179,In-Store,MPesa,KES,Home,PRD-5119,3,3966.37,0.144,0.0,2024-09-30,2024-10-01,False,4,NONE,False,102,Requested gift wrap,1.0,False
TXN-300772,ORD-200772,CUST-100772,20.0,Male,2024-09-29,2024-10-17 21:00:00,Kenya,Nairobi,-1.286389,36.817223,In-Store,Cash,KES,Electronics,PRD-3930,1,20983.6,0.06,1170.21,2024-10-26,2024-11-01,False,4,WELCOME10,False,209,Used promo code,6.0,False
TXN-300612,ORD-200612,CUST-100612,30.0,Male,2022-04-18,2023-02-27 19:00:00,Kenya,Nakuru,-0.303099,36.080025,Online,MPesa,KES,Groceries,PRD-5174,3,287.4,0.378,608.53,2023-03-02,2023-03-04,False,5,LOYAL5,False,11,First-time buyer,2.0,False
TXN-300546,ORD-200546,CUST-100546,38.0,Female,2023-12-20,2024-11-21 04:00:00,Kenya,Nakuru,-0.303099,36.080025,Online,Credit Card,KES,Clothing,PRD-5948,1,1600.83,0.42,811.36,2024-11-15,2024-11-25,False,4,BUNDLE15,False,17,No special notes,10.0,False
TXN-300725,ORD-200725,CUST-100725,38.0,Female,2022-05-06,2023-01-02 19:00:00,Ethiopia,Addis Ababa,8.9806,38.7578,Online,Bank Transfer,KES,Health,PRD-3297,1,948.58,0.226,2072.3,2023-01-01,2023-01-04,True,3,NONE,False,28,Requested gift wrap,3.0,False
TXN-300683,ORD-200683,CUST-100683,20.0,Female,2024-05-09,2024-09-11 01:00:00,Ethiopia,Adama,8.5406,39.27,Online,MPesa,KES,Clothing,PRD-6073,2,2357.67,0.35,914.61,2024-09-04,2024-09-05,False,4,LOYAL5,False,40,No special notes,1.0,False
TXN-300098,ORD-200098,CUST-100098,36.0,Non-binary,2024-04-22,2024-10-03 14:00:00,Kenya,Eldoret,0.52036,35.269779,Online,MPesa,KES,Groceries,PRD-1797,1,279.53,0.35,714.64,2024-10-04,2024-10-12,False,4,NONE,False,9,First-time buyer,8.0,False
TXN-300727,ORD-200727,CUST-100727,69.0,Male,2024-02-21,2024-10-08 22:00:00,Kenya,Nairobi,-1.286389,36.817223,In-Store,MPesa,USD,Groceries,PRD-8371,1,2.64,0.078,0.0,2024-10-15,2024-10-23,False,4,NONE,False,3,VIP customer,8.0,False
TXN-300573,ORD-200573,CUST-100573,34.0,Male,2024-09-10,2025-01-24 21:00:00,Kenya,Kisumu,-0.102206,34.761711,Online,MPesa,KES,Beauty,PRD-3715,1,1371.17,0.211,1071.01,2025-02-02,2025-02-03,False,5,LOYAL5,False,22,Used promo code,1.0,False
TXN-300406,ORD-200406,CUST-100406,45.0,Male,2023-07-23,2024-01-29 18:00:00,Rwanda,Butare,-2.598,29.7396,In-Store,Credit Card,KES,Groceries,PRD-4948,3,420.89,0.0,0.0,2024-02-01,2024-02-09,False,5,NONE,False,13,Bulk purchase,8.0,False
TXN-300502,ORD-200502,CUST-100502,34.0,Male,2024-09-30,2025-08-07 19:00:00,Uganda,Gulu,2.7746,32.2989,In-Store,MPesa,KES,Health,PRD-2768,1,1128.47,0.326,617.4,2025-08-16,2025-08-21,False,3,WELCOME10,True,14,No special notes,5.0,False
TXN-300047,ORD-200047,CUST-100047,58.0,Male,2024-11-16,2025-10-28 13:00:00,Tanzania,Dar es Salaam,-6.7924,39.2083,In-Store,MPesa,KES,Groceries,PRD-7712,1,241.6,0.056,0.0,2025-10-22,2025-10-24,False,4,BUNDLE15,False,2,Delayed shipment,2.0,False
TXN-300032,ORD-200032,CUST-100032,64.0,Female,2023-03-17,2023-06-24 22:00:00,Kenya,Kisumu,-0.102206,34.761711,Online,Cash,KES,Clothing,PRD-7141,1,1465.3,0.282,454.43,2023-06-16,2023-06-21,False,4,NONE,False,15,Bulk purchase,5.0,False
TXN-300200,ORD-200200,CUST-100200,18.0,Female,2022-06-01,2023-04-08 13:00:00,Kenya,Nakuru,-0.303099,36.080025,In-Store,MPesa,KES,Groceries,PRD-7387,3,376.17,0.119,0.0,2023-04-09,2023-04-11,False,4,NONE,False,10,Requested gift wrap,2.0,False
TXN-300134,ORD-200134,CUST-100134,44.0,Prefer not to say,2023-11-30,2024-11-14 00:00:00,Uganda,Gulu,2.7746,32.2989,Online,MPesa,KES,Home,PRD-2797,1,1924.25,0.399,1012.45,2024-11-14,2024-11-22,False,4,LOYAL5,False,22,Bulk purchase,8.0,False
TXN-300027,ORD-200027,CUST-100027,40.0,Female,2023-09-08,2024-07-11 09:00:00,Rwanda,Butare,-2.598,29.7396,In-Store,MPesa,KES,Electronics,PRD-6972,1,11057.62,0.0,0.0,2024-07-16,2024-07-18,False,3,FLASH20,False,111,Bulk purchase,2.0,False
TXN-300758,ORD-200758,CUST-100758,62.0,Female,2023-11-17,2024-07-26 08:00:00,Kenya,Kisumu,-0.102206,34.761711,Online,Credit Card,KES,Home,PRD-4702,1,1718.95,0.214,686.87,2024-07-27,2024-07-31,True,3,LOYAL5,False,20,Bulk purchase,4.0,False
TXN-300230,ORD-200230,CUST-100230,24.0,Female,2023-04-17,2024-03-31 09:00:00,Ethiopia,Adama,8.5406,39.27,In-Store,MPesa,KES,Health,PRD-4268,2,881.97,0.184,0.0,2024-03-28,2024-04-02,False,5,NONE,False,14,Used promo code,5.0,False
TXN-300489,ORD-200489,CUST-100489,63.0,Male,2025-02-21,2025-08-29 14:00:00,Tanzania,Arusha,-3.3869,36.6829,Online,MPesa,KES,Electronics,PRD-8421,4,13630.8,0.343,651.55,2025-08-29,2025-09-04,False,5,BUNDLE15,False,365,VIP customer,6.0,False
TXN-300378,ORD-200378,CUST-100378,68.0,Male,2024-01-29,2024-08-20 18:00:00,Tanzania,Arusha,-3.3869,36.6829,Online,MPesa,KES,Groceries,PRD-6823,2,378.01,0.03,1635.18,2024-08-27,2024-09-05,False,4,FLASH20,False,24,Customer called support,9.0,False
TXN-300288,ORD-200288,CUST-100288,38.0,Male,2022-12-06,2023-05-27 14:00:00,Uganda,Gulu,2.7746,32.2989,Online,MPesa,KES,Electronics,PRD-2628,3,14541.33,0.046,696.93,2023-05-30,2023-05-30,False,4,NONE,False,423,Used promo code,0.0,False
TXN-300418,ORD-200418,CUST-100418,26.0,Female,2022-08-27,2023-05-19 02:00:00,Kenya,Nairobi,-1.286389,36.817223,In-Store,MPesa,USD,Clothing,PRD-5847,2,7.49,0.088,8.68,2023-05-24,2023-05-29,False,5,NONE,False,29,Customer called support,5.0,False
TXN-300674,ORD-200674,CUST-100674,48.0,Female,2022-06-23,2023-04-23 09:00:00,Kenya,Kisumu,-0.102206,34.761711,Online,Cash,KES,Home,PRD-5345,1,3925.19,0.176,737.19,2023-04-19,2023-04-26,False,4,NONE,False,40,Requested gift wrap,7.0,False
TXN-300391,ORD-200391,CUST-100391,38.0,Female,2024-10-17,2025-07-02 02:00:00,Ethiopia,Adama,8.5406,39.27,Online,Cash,KES,Health,PRD-7184,2,1189.98,0.153,609.89,2025-07-08,2025-07-13,False,5,NONE,False,26,Customer called support,5.0,False
TXN-300592,ORD-200592,CUST-100592,42.0,Female,2022-08-21,2023-07-01 00:00:00,Uganda,Entebbe,0.0487,32.4435,Online,Cash,KES,Beauty,PRD-8464,3,895.58,0.154,1707.92,2023-07-03,2023-07-11,False,5,FLASH20,False,40,VIP customer,8.0,False
TXN-300498,ORD-200498,CUST-100498,62.0,Female,2025-01-17,2025-05-24 00:00:00,Kenya,Kisumu,-0.102206,34.761711,In-Store,MPesa,KES,Clothing,PRD-7989,1,459.38,0.184,1075.93,2025-05-18,2025-05-20,False,5,NONE,False,15,VIP customer,2.0,False
TXN-300138,ORD-200138,CUST-100138,39.0,Female,2025-07-08,2025-08-05 22:00:00,Kenya,Eldoret,0.52036,35.269779,In-Store,MPesa,KES,Beauty,PRD-2617,1,1446.63,0.0,0.0,2025-08-09,2025-08-19,False,5,LOYAL5,False,14,Delayed shipment,10.0,False
TXN-300062,ORD-200062,CUST-100062,37.0,Male,2022-12-16,2023-12-06 10:00:00,Kenya,Mombasa,-4.043477,39.668206,Online,MPesa,KES,Clothing,PRD-6430,1,2466.78,0.083,401.65,2023-12-04,2023-12-08,True,3,WELCOME10,False,27,Delayed shipment,4.0,False
TXN-300471,ORD-200471,CUST-100471,22.0,Female,2022-11-13,2023-02-27 09:00:00,Kenya,Nakuru,-0.303099,36.080025,In-Store,MPesa,USD,Groceries,PRD-3376,3,2.72,0.46,0.0,2023-02-27,2023-03-03,False,4,WELCOME10,False,6,Bulk purchase,4.0,False
TXN-300647,ORD-200647,CUST-100647,28.0,Female,2022-06-25,2023-01-20 10:00:00,Kenya,Nakuru,-0.303099,36.080025,Online,MPesa,KES,Health,PRD-3544,2,507.78,0.173,1387.71,2023-01-28,2023-02-04,False,5,WELCOME10,False,22,VIP customer,7.0,False
TXN-300128,ORD-200128,CUST-100128,29.0,Female,2024-05-16,2024-09-15 11:00:00,Kenya,Eldoret,0.52036,35.269779,In-Store,Credit Card,USD,Clothing,PRD-7011,1,6.43,0.413,0.0,2024-09-24,2024-09-29,False,3,NONE,False,5,Requested gift wrap,5.0,False
TXN-300840,ORD-200840,CUST-100840,67.0,Non-binary,2025-02-20,2025-04-02 18:00:00,Kenya,Eldoret,0.52036,35.269779,Online,MPesa,KES,Clothing,PRD-6111,1,902.61,0.102,1154.65,2025-03-24,2025-03-25,False,4,LOYAL5,False,20,Bulk purchase,1.0,False
TXN-300520,ORD-200520,CUST-100520,68.0,Male,2023-11-11,2024-01-08 16:00:00,Kenya,Mombasa,-4.043477,39.668206,Online,MPesa,USD,Home,PRD-1010,1,9.03,0.07,11.31,2024-01-09,2024-01-19,False,4,BUNDLE15,True,26,First-time buyer,10.0,False
TXN-300064,ORD-200064,CUST-100064,61.0,Male,2024-03-25,2025-03-05 16:00:00,Uganda,Kampala,0.347596,32.58252,Online,Bank Transfer,KES,Electronics,PRD-9916,2,25809.24,0.319,1583.23,2025-03-02,2025-03-05,True,2,WELCOME10,False,367,No special notes,3.0,False
TXN-300014,ORD-200014,CUST-100014,61.0,Female,2023-10-11,2024-03-30 17:00:00,Kenya,Kisumu,-0.102206,34.761711,Online,PayPal,KES,Electronics,PRD-5051,3,9505.57,0.182,1324.94,2024-04-04,2024-04-09,False,3,WELCOME10,False,246,Bulk purchase,5.0,False
TXN-300156,ORD-200156,CUST-100156,66.0,Female,2022-11-29,2023-07-22 12:00:00,Uganda,Kampala,0.347596,32.58252,Online,MPesa,KES,Electronics,PRD-4246,2,6366.51,0.065,829.97,2023-07-17,2023-07-25,False,4,LOYAL5,False,127,First-time buyer,8.0,False
TXN-300040,ORD-200040,CUST-100040,68.0,Female,2025-06-02,2025-06-24 04:00:00,Uganda,Kampala,0.347596,32.58252,Online,PayPal,KES,Clothing,PRD-6507,3,1685.25,0.0,1265.28,2025-06-16,2025-06-19,True,4,NONE,False,63,Delayed shipment,3.0,False
TXN-300492,ORD-200492,CUST-100492,50.0,Female,2025-03-01,2025-10-26 10:00:00,Tanzania,Dar es Salaam,-6.7924,39.2083,Online,MPesa,KES,Clothing,PRD-6588,2,1801.15,0.053,506.47,2025-10-28,2025-11-06,True,2,LOYAL5,False,39,Customer called support,9.0,False
TXN-300379,ORD-200379,CUST-100379,30.0,Female,2024-09-14,2025-09-01 11:00:00,Kenya,Nakuru,-0.303099,36.080025,Online,MPesa,KES,Clothing,PRD-2180,3,1730.57,0.263,1000.34,2025-08-27,2025-09-03,False,5,FLASH20,False,48,VIP customer,7.0,False
TXN-300187,ORD-200187,CUST-100187,46.0,Male,2025-09-16,2025-11-26 01:00:00,Tanzania,Dar es Salaam,-6.7924,39.2083,Online,Cash,KES,Clothing,PRD-4052,1,2095.75,0.09,1790.28,2025-11-26,2025-12-06,False,5,NONE,False,37,First-time buyer,10.0,False
TXN-300216,ORD-200216,CUST-100216,48.0,Female,2024-10-29,2025-08-05 15:00:00,Rwanda,Kigali,-1.9441,30.0619,Online,Cash,KES,Clothing,PRD-3407,1,2015.09,0.145,853.43,2025-08-12,2025-08-13,False,3,NONE,True,26,No special notes,1.0,False
TXN-300052,ORD-200052,CUST-100052,63.0,Male,2024-05-11,2024-12-30 15:00:00,Kenya,Eldoret,0.52036,35.269779,Online,Credit Card,KES,Clothing,PRD-8723,2,891.22,0.184,766.95,2024-12-30,2025-01-01,False,5,WELCOME10,False,22,First-time buyer,2.0,False
TXN-300337,ORD-200337,CUST-100337,56.0,Male,2024-11-02,2025-08-11 22:00:00,Kenya,Nakuru,-0.303099,36.080025,Online,MPesa,KES,Groceries,PRD-1610,1,252.68,0.311,630.18,2025-08-15,2025-08-17,False,4,FLASH20,False,8,Customer called support,2.0,False
TXN-300748,ORD-200748,CUST-100748,47.0,Female,2024-03-30,2024-08-18 01:00:00,Tanzania,Mwanza,-2.5164,32.9179,Online,MPesa,KES,Electronics,PRD-6413,4,18725.62,0.06,511.21,2024-08-10,2024-08-15,False,4,WELCOME10,False,709,Used promo code,5.0,False
TXN-300719,ORD-200719,CUST-100719,41.0,Female,2024-04-15,2024-12-28 04:00:00,Rwanda,Kigali,-1.9441,30.0619,In-Store,Cash,USD,Health,PRD-4763,2,5.64,0.388,0.0,2024-12-24,,False,4,LOYAL5,False,9,Bulk purchase,,False
TXN-300724,ORD-200724,CUST-100724,,Male,2023-10-18,2024-07-09 08:00:00,Kenya,Mombasa,-4.043477,39.668206,Online,Credit Card,KES,Electronics,PRD-3884,1,19288.89,0.331,264.13,2024-07-12,2024-07-19,True,2,FLASH20,False,132,Used promo code,7.0,False
TXN-300295,ORD-200295,CUST-100295,35.0,Male,2023-09-11,2024-03-26 22:00:00,Kenya,Nairobi,-1.286389,36.817223,In-Store,,USD,Groceries,PRD-7123,1,1.46,0.133,5.84,2024-03-19,,False,4,NONE,True,9,Customer called support,,False
TXN-300701,ORD-200701,CUST-100701,21.0,Female,2025-06-24,2025-07-07 16:00:00,Kenya,Nakuru,-0.303099,36.080025,Online,MPesa,USD,Electronics,PRD-5368,2,179.88,0.233,2.48,2025-07-08,2025-07-13,False,4,NONE,False,362,First-time buyer,5.0,False
TXN-300251,ORD-200251,CUST-100251,47.0,Female,2023-02-11,2023-09-19 23:00:00,Rwanda,Kigali,-1.9441,30.0619,Online,MPesa,KES,Electronics,PRD-3341,1,7284.27,0.105,604.17,2023-09-10,2023-09-17,False,5,NONE,False,71,Customer called support,7.0,False
TXN-300726,ORD-200726,CUST-100726,,Male,2022-05-10,2023-03-27 20:00:00,Kenya,Nakuru,-0.303099,36.080025,In-Store,MPesa,KES,Electronics,PRD-9852,2,13039.84,0.075,0.0,2023-03-31,2023-04-05,False,5,NONE,False,241,Delayed shipment,5.0,False
TXN-300461,ORD-200461,CUST-100461,25.0,Female,2025-01-07,2025-06-03 16:00:00,Kenya,Nakuru,-0.303099,36.080025,In-Store,MPesa,KES,Clothing,PRD-6141,1,790.9,0.192,0.0,2025-06-13,2025-06-17,False,5,NONE,False,6,Used promo code,4.0,False
TXN-300455,ORD-200455,CUST-100455,46.0,Male,2022-07-23,2023-06-21 08:00:00,Tanzania,Dar es Salaam,-6.7924,39.2083,In-Store,MPesa,KES,Groceries,PRD-4559,2,262.0,0.17,1668.33,2023-06-22,2023-06-30,False,4,BUNDLE15,False,21,Used promo code,8.0,False
TXN-300439,ORD-200439,CUST-100439,40.0,Female,2024-11-26,2025-07-05 12:00:00,Kenya,Nairobi,-1.286389,36.817223,Online,PayPal,KES,Groceries,PRD-7258,1,304.0,0.017,872.0,2025-07-01,2025-07-03,False,4,WELCOME10,False,12,Customer called support,2.0,True
TXN-300269,ORD-200269,CUST-100269,19.0,Female,2025-02-28,2025-07-02 19:00:00,Tanzania,Arusha,-3.3869,36.6829,Online,MPesa,KES,Home,PRD-2604,1,1804.5,0.143,940.83,2025-07-09,2025-07-19,False,4,WELCOME10,False,25,Bulk purchase,10.0,False
TXN-300201,ORD-200201,CUST-100201,36.0,Male,2022-08-09,2023-05-30 09:00:00,Kenya,Kisumu,-0.102206,34.761711,In-Store,Cash,KES,Beauty,PRD-4012,2,1069.31,0.07,1016.35,2023-06-02,2023-06-10,False,5,LOYAL5,False,30,Requested gift wrap,8.0,False
TXN-300161,ORD-200161,CUST-100161,69.0,Male,2022-12-25,2023-07-12 10:00:00,Kenya,Nakuru,-0.303099,36.080025,Online,MPesa,KES,Health,PRD-6417,2,662.85,0.133,872.94,2023-07-06,2023-07-06,False,4,LOYAL5,False,20,First-time buyer,0.0,False
TXN-300555,ORD-200555,CUST-100555,62.0,Male,2024-08-29,2024-10-26 23:00:00,Kenya,Nairobi,-1.286389,36.817223,In-Store,Cash,KES,Health,PRD-1668,4,899.93,0.0,0.0,2024-11-04,2024-11-10,False,4,WELCOME10,False,36,Customer called support,6.0,False
TXN-300729,ORD-200729,CUST-100729,34.0,Prefer not to say,2022-09-24,2023-05-15 08:00:00,Kenya,Kisumu,-0.102206,34.761711,Online,PayPal,KES,Health,PRD-2269,4,419.42,0.236,253.77,2023-05-19,2023-05-23,False,5,NONE,False,15,Bulk purchase,4.0,False
TXN-300401,ORD-200401,CUST-100401,46.0,Prefer not to say,2024-10-12,2025-05-14 17:00:00,Rwanda,Butare,-2.598,29.7396,Online,Cash,KES,Groceries,PRD-3123,5,256.07,0.149,529.64,2025-05-16,2025-05-18,False,4,LOYAL5,False,16,Used promo code,2.0,False
TXN-300702,ORD-200702,CUST-100702,44.0,Male,2022-01-26,2023-01-11 20:00:00,Kenya,Mombasa,-4.043477,39.668206,In-Store,MPesa,USD,Home,PRD-8529,2,21.84,0.256,7.03,2023-01-06,2023-01-14,False,4,FLASH20,False,51,Customer called support,8.0,False
TXN-300476,ORD-200476,CUST-100476,52.0,Female,2023-01-02,2023-03-21 04:00:00,Rwanda,Butare,-2.598,29.7396,Online,MPesa,KES,Clothing,PRD-1522,1,1219.07,0.334,557.21,2023-03-21,2023-03-23,False,4,NONE,False,14,VIP customer,2.0,False
TXN-300771,ORD-200771,CUST-100771,45.0,Female,2025-08-27,2025-09-19 09:00:00,Tanzania,Mwanza,-2.5164,32.9179,In-Store,MPesa,KES,Beauty,PRD-9329,2,982.53,0.013,0.0,2025-09-19,2025-09-21,False,4,NONE,False,19,VIP customer,2.0,False
TXN-300105,ORD-200105,CUST-100105,61.0,Female,2023-11-16,2024-01-29 05:00:00,Kenya,Nakuru,-0.303099,36.080025,Online,Credit Card,KES,Groceries,PRD-6932,3,367.42,0.217,434.81,2024-01-28,2024-02-01,False,4,LOYAL5,False,13,Delayed shipment,4.0,False
TXN-300565,ORD-200565,CUST-100565,53.0,Female,2024-07-13,2024-09-10 00:00:00,Rwanda,Butare,-2.598,29.7396,Online,Cash,KES,Beauty,PRD-1315,3,799.83,0.02,211.63,2024-09-15,2024-09-24,False,5,NONE,False,26,Customer called support,9.0,False
TXN-300389,ORD-200389,CUST-100389,61.0,Male,2024-09-08,2024-11-07 02:00:00,Kenya,Eldoret,0.52036,35.269779,Online,Bank Transfer,KES,Home,PRD-5343,2,2448.08,0.199,397.23,2024-11-06,2024-11-06,False,4,LOYAL5,False,43,Delayed shipment,0.0,False
TXN-300001,ORD-200001,CUST-100001,67.0,Female,2025-04-02,2025-11-07 00:00:00,Kenya,Mombasa,-4.043477,39.668206,In-Store,MPesa,KES,Groceries,PRD-3573,1,382.87,0.046,0.0,2025-11-10,2025-11-19,False,4,NONE,False,4,Delayed shipment,9.0,False
TXN-300807,ORD-200807,CUST-100807,55.0,Female,2023-02-03,2023-04-02 15:00:00,Tanzania,Mwanza,-2.5164,32.9179,Online,MPesa,KES,Electronics,PRD-4994,1,25981.43,0.218,1430.62,2023-04-05,2023-04-08,True,3,FLASH20,False,218,Customer called support,3.0,False
TXN-300561,ORD-200561,CUST-100561,23.0,Female,2023-11-05,2024-01-22 18:00:00,Kenya,Nairobi,-1.286389,36.817223,In-Store,MPesa,KES,Home,PRD-7510,1,1755.82,0.176,0.0,2024-01-24,2024-01-31,False,5,NONE,False,14,Used promo code,7.0,False
TXN-300080,ORD-200080,CUST-100080,28.0,Prefer not to say,2022-10-25,2023-08-11 05:00:00,Uganda,Entebbe,0.0487,32.4435,In-Store,MPesa,KES,Clothing,PRD-5363,2,2675.08,0.074,0.0,2023-08-19,2023-08-22,False,5,NONE,False,50,No special notes,3.0,False
TXN-300205,ORD-200205,CUST-100205,46.0,Male,2025-01-04,2025-04-03 03:00:00,Kenya,Eldoret,0.52036,35.269779,In-Store,Cash,KES,Health,PRD-9548,1,629.29,0.386,0.0,2025-04-01,2025-04-03,False,5,,False,4,First-time buyer,2.0,False
TXN-300034,ORD-200034,CUST-100034,51.0,Male,2024-08-03,2024-08-16 08:00:00,Tanzania,Arusha,-3.3869,36.6829,In-Store,Cash,KES,Beauty,PRD-8907,1,1011.41,0.079,0.0,2024-08-23,2024-08-23,False,5,NONE,False,9,No special notes,0.0,False
TXN-300775,ORD-200775,CUST-100775,36.0,Prefer not to say,2023-10-06,2024-05-20 14:00:00,Uganda,Gulu,2.7746,32.2989,In-Store,Credit Card,KES,Home,PRD-9399,1,1687.96,0.0,841.27,2024-05-17,2024-05-19,False,5,NONE,False,25,Bulk purchase,2.0,False
TXN-300508,ORD-200508,CUST-100508,47.0,Female,2024-10-21,2025-06-29 14:00:00,Rwanda,Kigali,-1.9441,30.0619,Online,MPesa,KES,Groceries,PRD-1719,3,363.2,0.437,946.3,2025-06-27,2025-07-06,False,4,WELCOME10,False,16,Customer called support,9.0,False
TXN-300427,ORD-200427,CUST-100427,,Male,2025-04-08,2025-11-28 04:00:00,Tanzania,Arusha,-3.3869,36.6829,In-Store,Bank Transfer,KES,Groceries,PRD-2517,3,320.7,0.023,1046.65,2025-12-01,2025-12-01,False,5,WELCOME10,False,20,Used promo code,0.0,False
TXN-300454,ORD-200454,CUST-100454,48.0,Female,2022-04-02,2023-02-15 09:00:00,Rwanda,Kigali,-1.9441,30.0619,Online,MPesa,KES,Groceries,PRD-4528,3,375.87,0.146,807.26,2023-02-08,2023-02-12,False,4,LOYAL5,False,18,No special notes,4.0,False
TXN-300366,ORD-200366,CUST-100366,29.0,Male,2023-12-18,2024-11-25 00:00:00,Tanzania,Arusha,-3.3869,36.6829,In-Store,Credit Card,USD,Beauty,PRD-6737,1,9.33,0.324,7.63,2024-11-21,2024-11-29,False,4,NONE,False,18,VIP customer,8.0,False
TXN-300091,ORD-200091,CUST-100091,46.0,Female,2023-08-27,2024-02-05 05:00:00,Kenya,Eldoret,0.52036,35.269779,Online,Credit Card,KES,Groceries,PRD-1876,4,468.21,0.105,1190.48,2024-02-11,2024-02-12,False,4,FLASH20,False,29,Used promo code,1.0,False
TXN-300339,ORD-200339,CUST-100339,48.0,Male,2023-11-10,2024-03-30 02:00:00,Ethiopia,Adama,8.5406,39.27,Online,MPesa,KES,Electronics,PRD-6027,3,22864.56,0.181,1507.33,2024-03-28,2024-03-28,False,5,WELCOME10,False,577,VIP customer,0.0,False
TXN-300564,ORD-200564,CUST-100564,51.0,Male,2023-11-10,2024-02-09 06:00:00,Kenya,Mombasa,-4.043477,39.668206,Online,MPesa,USD,Groceries,PRD-3918,1,1.48,0.217,9.67,2024-02-05,2024-02-10,False,4,LOYAL5,False,14,Bulk purchase,5.0,False
TXN-300345,ORD-200345,CUST-100345,28.0,Male,2024-03-04,2024-07-06 17:00:00,Rwanda,Kigali,-1.9441,30.0619,In-Store,Cash,KES,Electronics,PRD-6817,2,5407.78,0.433,695.96,2024-07-04,2024-07-05,True,5,LOYAL5,False,68,Bulk purchase,1.0,False
TXN-300776,ORD-200776,CUST-100776,28.0,Female,2024-12-21,2025-04-08 05:00:00,Kenya,Nairobi,-1.286389,36.817223,In-Store,MPesa,KES,Groceries,PRD-7436,1,277.1,0.321,0.0,2025-03-31,2025-04-07,False,4,NONE,True,2,Customer called support,7.0,False
TXN-300241,ORD-200241,CUST-100241,63.0,Male,2022-07-11,2023-04-03 07:00:00,Uganda,Gulu,2.7746,32.2989,Online,MPesa,KES,Health,PRD-1679,33,1000.7,0.217,1157.84,2023-04-09,2023-04-19,False,2,LOYAL5,False,270,VIP customer,10.0,False
TXN-300013,ORD-200013,CUST-100013,22.0,Female,2022-11-06,2023-10-05 17:00:00,Ethiopia,Adama,8.5406,39.27,In-Store,MPesa,KES,Electronics,PRD-2806,2,21007.84,0.075,0.0,2023-10-04,2023-10-11,False,5,BUNDLE15,False,389,Delayed shipment,7.0,False
TXN-300315,ORD-200315,CUST-100315,53.0,Male,2024-04-29,2025-04-16 13:00:00,Kenya,Mombasa,-4.043477,39.668206,In-Store,MPesa,KES,Clothing,PRD-1292,3,1212.86,0.359,543.26,2025-04-10,2025-04-12,False,5,WELCOME10,False,29,Used promo code,2.0,False
TXN-300600,ORD-200600,CUST-100600,43.0,Male,2022-09-06,2023-02-15 21:00:00,Kenya,Nakuru,-0.303099,36.080025,In-Store,Credit Card,KES,Health,PRD-1514,2,647.98,0.191,218.81,2023-02-12,2023-02-17,False,3,NONE,True,13,Requested gift wrap,5.0,False
TXN-300387,ORD-200387,CUST-100387,68.0,Male,2025-03-25,2025-10-07 14:00:00,Kenya,Nairobi,-1.286389,36.817223,In-Store,MPesa,KES,Health,PRD-6850,1,881.24,0.194,0.0,2025-10-17,2025-10-19,True,1,BUNDLE15,False,7,Used promo code,2.0,False
TXN-300273,ORD-200273,CUST-100273,41.0,Female,2025-04-17,2025-06-15 09:00:00,Kenya,Kisumu,-0.102206,34.761711,In-Store,MPesa,KES,Clothing,PRD-8619,1,1731.75,0.174,0.0,2025-06-21,2025-06-21,False,4,NONE,False,14,VIP customer,0.0,False
TXN-300166,ORD-200166,CUST-100166,50.0,Female,2023-07-20,2024-02-06 12:00:00,Kenya,Mombasa,-4.043477,39.668206,Online,MPesa,KES,Groceries,PRD-5552,1,313.65,0.238,1311.95,2024-02-07,2024-02-08,False,5,NONE,True,16,No special notes,1.0,False
TXN-300539,ORD-200539,CUST-100539,67.0,Male,2025-01-30,2025-09-21 00:00:00,Uganda,Gulu,2.7746,32.2989,In-Store,MPesa,KES,Home,PRD-6005,1,2319.19,0.237,588.09,2025-09-23,2025-09-29,False,4,WELCOME10,False,24,Customer called support,6.0,True
TXN-300646,ORD-200646,CUST-100646,32.0,Female,2023-12-21,2024-04-22 07:00:00,Uganda,Kampala,0.347596,32.58252,In-Store,MPesa,KES,Home,PRD-5485,2,1506.06,0.226,1229.21,2024-04-18,2024-04-25,False,4,NONE,False,36,First-time buyer,7.0,False
TXN-300484,ORD-200484,CUST-100484,27.0,Male,2025-02-01,2025-11-06 15:00:00,Uganda,Gulu,2.7746,32.2989,Online,MPesa,KES,Beauty,PRD-7723,2,1178.96,0.193,1244.01,2025-11-01,2025-11-05,False,4,NONE,False,31,Customer called support,4.0,False
TXN-300844,ORD-200844,CUST-100844,,Prefer not to say,2025-09-12,2025-10-25 12:00:00,Tanzania,Dar es Salaam,-6.7924,39.2083,In-Store,MPesa,KES,Electronics,PRD-2999,3,7579.21,0.195,1106.13,2025-10-21,2025-10-30,False,4,FLASH20,False,194,Delayed shipment,9.0,False
TXN-300504,ORD-200504,CUST-100504,38.0,Male,2023-10-04,2024-03-27 15:00:00,Uganda,Kampala,0.347596,32.58252,In-Store,MPesa,USD,Clothing,PRD-7621,2,8.41,0.335,5.23,2024-04-05,2024-04-06,False,4,WELCOME10,False,21,Bulk purchase,1.0,False
TXN-300243,ORD-200243,CUST-100243,38.0,Female,2023-03-28,2023-10-07 02:00:00,Kenya,Nairobi,-1.286389,36.817223,Online,Credit Card,KES,Clothing,PRD-1747,1,1652.24,0.353,1297.99,2023-10-07,2023-10-14,False,4,NONE,False,24,Requested gift wrap,7.0,False
TXN-300566,ORD-200566,CUST-100566,37.0,Female,2024-10-17,2025-02-08 00:00:00,Kenya,Kisumu,-0.102206,34.761711,Online,Credit Card,USD,Beauty,PRD-5832,1,12.07,0.099,1.19,2025-02-05,2025-02-13,False,5,FLASH20,False,16,Customer called support,8.0,False
TXN-300562,ORD-200562,CUST-100562,49.0,Female,2024-11-25,2025-09-07 06:00:00,Uganda,Entebbe,0.0487,32.4435,Online,Bank Transfer,USD,Electronics,PRD-5446,1,198.66,0.397,12.78,2025-09-16,2025-09-20,False,5,LOYAL5,False,172,Used promo code,4.0,False
TXN-300686,ORD-200686,CUST-100686,34.0,Male,2024-09-20,2025-05-27 05:00:00,Kenya,Mombasa,-4.043477,39.668206,Online,MPesa,KES,Home,PRD-3796,1,2298.42,0.143,1412.71,2025-05-26,2025-05-26,False,4,NONE,False,34,Requested gift wrap,0.0,False
TXN-300189,ORD-200189,CUST-100189,68.0,Female,2022-10-20,2023-01-17 11:00:00,Ethiopia,Adama,8.5406,39.27,In-Store,Cash,KES,Groceries,PRD-2508,3,353.92,0.218,0.0,2023-01-09,2023-01-19,False,4,NONE,True,8,Delayed shipment,10.0,False
TXN-300782,ORD-200782,CUST-100782,69.0,Male,2023-07-31,2024-07-11 00:00:00,Kenya,Nakuru,-0.303099,36.080025,Online,Bank Transfer,USD,Groceries,PRD-4690,1,2.44,0.16,5.56,2024-07-07,2024-07-09,False,5,LOYAL5,False,10,Requested gift wrap,2.0,False
TXN-300699,ORD-200699,CUST-100699,69.0,Male,2022-10-11,2023-08-24 23:00:00,Ethiopia,Adama,8.5406,39.27,In-Store,Credit Card,KES,Clothing,PRD-6060,1,1487.75,0.147,0.0,2023-08-17,2023-08-26,True,4,NONE,False,13,Delayed shipment,9.0,False
TXN-300475,ORD-200475,CUST-100475,33.0,Female,2024-10-03,2025-03-31 05:00:00,Tanzania,Dar es Salaam,-6.7924,39.2083,In-Store,MPesa,KES,Home,PRD-2148,1,1517.29,0.106,825.18,2025-03-25,2025-04-04,False,4,WELCOME10,False,22,Bulk purchase,10.0,False
TXN-300681,ORD-200681,CUST-100681,23.0,Female,2024-02-21,2024-08-13 21:00:00,Ethiopia,Adama,8.5406,39.27,Online,MPesa,KES,Home,PRD-6559,2,2581.9,0.111,1359.68,2024-08-17,2024-08-18,False,5,LOYAL5,True,59,Bulk purchase,1.0,False
TXN-300510,ORD-200510,CUST-100510,24.0,Female,2025-01-22,2025-06-10 17:00:00,Kenya,Kisumu,-0.102206,34.761711,Online,Credit Card,KES,Electronics,PRD-8885,3,16250.87,0.49,1237.43,2025-06-01,2025-06-07,False,5,NONE,False,261,Bulk purchase,6.0,False
TXN-300058,ORD-200058,CUST-100058,66.0,Female,2023-11-10,2024-03-26 09:00:00,Rwanda,Kigali,-1.9441,30.0619,In-Store,MPesa,KES,Clothing,PRD-1718,1,1536.8,0.104,0.0,2024-03-31,2024-04-07,False,4,LOYAL5,False,14,Customer called support,7.0,False
TXN-300474,ORD-200474,CUST-100474,60.0,Female,2022-11-14,2023-06-20 04:00:00,Kenya,Nakuru,-0.303099,36.080025,In-Store,Cash,KES,Clothing,PRD-4547,22,814.58,0.164,1164.26,2023-06-22,2023-06-22,True,1,,False,162,Requested gift wrap,0.0,False
TXN-300560,ORD-200560,CUST-100560,32.0,Female,2023-08-15,2023-09-01 03:00:00,Tanzania,Arusha,-3.3869,36.6829,Online,MPesa,KES,Clothing,PRD-3533,1,1732.56,0.497,674.28,2023-08-24,,False,4,LOYAL5,False,15,Bulk purchase,,False
TXN-300747,ORD-200747,CUST-100747,42.0,Non-binary,2024-01-05,2024-01-06 16:00:00,Tanzania,Arusha,-3.3869,36.6829,Online,MPesa,KES,Groceries,PRD-7266,4,303.47,0.122,1395.14,2024-01-11,2024-01-19,False,4,WELCOME10,False,25,Delayed shipment,8.0,False
TXN-300252,ORD-200252,CUST-100252,55.0,Female,2025-02-10,2025-09-05 15:00:00,Tanzania,Mwanza,-2.5164,32.9179,In-Store,MPesa,USD,Groceries,PRD-7694,1,2.65,0.168,8.69,2025-09-07,2025-09-11,False,4,WELCOME10,False,14,VIP customer,4.0,False
TXN-300021,ORD-200021,CUST-100021,28.0,Male,2024-02-02,2024-12-01 22:00:00,Kenya,Nairobi,-1.286389,36.817223,In-Store,Bank Transfer,USD,Groceries,PRD-3132,2,1.96,0.0,0.0,2024-11-30,2024-12-08,False,4,LOYAL5,False,5,Customer called support,8.0,False
TXN-300313,ORD-200313,CUST-100313,23.0,Female,2024-10-07,2024-10-19 08:00:00,Uganda,Gulu,2.7746,32.2989,Online,Credit Card,KES,Groceries,PRD-4144,1,258.53,0.165,935.88,2024-10-18,2024-10-24,False,3,FLASH20,False,12,Customer called support,6.0,False
TXN-300459,ORD-200459,CUST-100459,28.0,Male,2023-10-28,2024-04-02 10:00:00,Uganda,Entebbe,0.0487,32.4435,Online,Cash,KES,Clothing,PRD-9172,5,1322.43,0.374,1472.84,2024-03-31,2024-04-02,False,5,BUNDLE15,False,56,Delayed shipment,2.0,False
TXN-300160,ORD-200160,CUST-100160,23.0,Prefer not to say,2024-08-04,2024-09-05 03:00:00,Ethiopia,Adama,8.5406,39.27,Online,PayPal,KES,Clothing,PRD-7445,3,1303.42,0.073,1926.41,2024-08-31,2024-09-01,False,4,WELCOME10,False,55,Used promo code,1.0,False
TXN-300276,ORD-200276,CUST-100276,40.0,Female,2022-08-24,2023-01-13 07:00:00,Kenya,Eldoret,0.52036,35.269779,Online,MPesa,KES,Electronics,PRD-2836,1,11201.11,0.0,683.3,2023-01-20,2023-01-28,False,4,LOYAL5,False,119,Delayed shipment,8.0,False
TXN-300191,ORD-200191,CUST-100191,64.0,Prefer not to say,2022-10-13,2023-07-21 11:00:00,Uganda,Entebbe,0.0487,32.4435,In-Store,MPesa,KES,Health,PRD-1912,3,866.14,0.059,0.0,2023-07-27,2023-07-29,False,4,LOYAL5,False,24,VIP customer,2.0,False
TXN-300385,ORD-200385,CUST-100385,60.0,Female,2023-03-25,2024-02-16 07:00:00,Kenya,Nakuru,-0.303099,36.080025,In-Store,Credit Card,USD,Groceries,PRD-6807,4,1.68,0.167,0.0,2024-02-17,2024-02-19,False,5,NONE,False,7,VIP customer,2.0,False
TXN-300805,ORD-200805,CUST-100805,24.0,Male,2025-01-11,2025-04-18 02:00:00,Ethiopia,Adama,8.5406,39.27,In-Store,Credit Card,KES,Health,PRD-9855,1,746.01,0.309,0.0,2025-04-23,2025-04-28,False,4,FLASH20,False,5,Requested gift wrap,5.0,False
TXN-300413,ORD-200413,CUST-100413,18.0,Female,2023-01-05,2023-09-22 16:00:00,Tanzania,Mwanza,-2.5164,32.9179,In-Store,MPesa,KES,Groceries,PRD-4706,3,414.55,0.161,794.21,2023-09-22,2023-10-01,False,5,NONE,False,18,Delayed shipment,9.0,False
TXN-300491,ORD-200491,CUST-100491,55.0,Female,2023-09-21,2023-12-30 23:00:00,Kenya,Mombasa,-4.043477,39.668206,In-Store,MPesa,KES,Electronics,PRD-9468,3,23746.09,0.158,1158.32,2024-01-08,2024-01-11,False,4,NONE,False,611,Requested gift wrap,3.0,False
TXN-300343,ORD-200343,CUST-100343,64.0,Female,2024-02-06,2024-03-06 06:00:00,Tanzania,Dar es Salaam,-6.7924,39.2083,Online,MPesa,KES,Home,PRD-3027,3,2369.0,0.1,1170.52,2024-03-07,2024-03-08,False,3,,False,76,Delayed shipment,1.0,False
TXN-300769,ORD-200769,CUST-100769,23.0,Non-binary,2024-01-23,2024-07-26 10:00:00,Kenya,Kisumu,-0.102206,34.761711,In-Store,MPesa,KES,Clothing,PRD-2233,3,1880.21,0.325,344.66,2024-07-28,2024-08-05,False,4,WELCOME10,False,42,No special notes,8.0,False
TXN-300308,ORD-200308,CUST-100308,66.0,Female,2025-02-22,2025-07-22 16:00:00,Kenya,Nakuru,-0.303099,36.080025,In-Store,Credit Card,KES,Groceries,PRD-8451,3,350.64,0.186,0.0,2025-07-24,2025-07-27,False,5,LOYAL5,False,9,Requested gift wrap,3.0,False
TXN-300661,ORD-200661,CUST-100661,54.0,Male,2025-10-26,2025-11-03 02:00:00,Rwanda,Kigali,-1.9441,30.0619,In-Store,MPesa,KES,Home,PRD-1744,1,2807.61,0.101,999.75,2025-11-04,2025-11-09,False,4,NONE,False,35,Used promo code,5.0,False
TXN-300130,ORD-200130,CUST-100130,33.0,Male,2024-10-09,2025-08-28 15:00:00,Tanzania,Dar es Salaam,-6.7924,39.2083,Online,MPesa,KES,Groceries,PRD-8004,1,361.07,0.387,308.21,2025-08-30,2025-09-04,False,4,NONE,False,5,No special notes,5.0,False
TXN-300663,ORD-200663,CUST-100663,18.0,Female,2023-01-09,2023-01-30 23:00:00,Kenya,Kisumu,-0.102206,34.761711,Online,Credit Card,KES,Clothing,PRD-8198,1,2433.07,0.11,1244.87,2023-01-28,2023-02-01,False,4,NONE,False,34,VIP customer,4.0,False
TXN-300099,ORD-200099,CUST-100099,54.0,Male,2025-09-21,2025-11-02 01:00:00,Ethiopia,Adama,8.5406,39.27,In-Store,Bank Transfer,KES,Home,PRD-2783,3,2309.02,0.022,0.0,2025-10-25,2025-11-04,True,3,,False,68,No special notes,10.0,False
TXN-300372,ORD-200372,CUST-100372,53.0,Prefer not to say,2024-02-15,2025-02-01 01:00:00,Tanzania,Mwanza,-2.5164,32.9179,In-Store,Bank Transfer,KES,Home,PRD-5340,3,3624.1,0.5,0.0,2025-01-23,2025-01-29,False,4,FLASH20,False,54,Used promo code,6.0,False
TXN-300087,ORD-200087,CUST-100087,37.0,Female,2024-08-24,2025-07-17 00:00:00,Ethiopia,Addis Ababa,8.9806,38.7578,Online,Credit Card,KES,Electronics,PRD-5715,1,16392.04,0.288,713.99,2025-07-18,2025-07-22,False,4,LOYAL5,False,124,Requested gift wrap,4.0,False
TXN-300458,ORD-200458,CUST-100458,62.0,Female,2024-01-31,2024-04-11 01:00:00,Kenya,Nakuru,-0.303099,36.080025,In-Store,Cash,KES,Groceries,PRD-3937,15,385.14,0.129,0.0,2024-04-20,2024-04-30,False,3,FLASH20,False,50,Requested gift wrap,10.0,False
TXN-300330,ORD-200330,CUST-100330,33.0,Female,2023-02-03,2023-08-30 22:00:00,Kenya,Nairobi,-1.286389,36.817223,Online,MPesa,KES,Clothing,PRD-8105,4,1507.94,0.255,1159.65,2023-09-04,2023-09-08,False,3,LOYAL5,False,57,No special notes,4.0,False
TXN-300214,ORD-200214,CUST-100214,23.0,Non-binary,2024-06-19,2024-11-19 05:00:00,Uganda,Entebbe,0.0487,32.4435,Online,MPesa,KES,Clothing,PRD-9720,2,811.27,0.069,766.68,2024-11-18,2024-11-26,False,4,LOYAL5,False,23,Used promo code,8.0,False
TXN-300466,ORD-200466,CUST-100466,25.0,Male,2024-01-10,2024-05-14 21:00:00,Kenya,Nairobi,-1.286389,36.817223,Online,Bank Transfer,KES,Beauty,PRD-1835,2,702.74,0.37,761.78,2024-05-19,2024-05-22,False,3,NONE,True,16,VIP customer,3.0,False
TXN-300121,ORD-200121,CUST-100121,,Male,2024-10-31,2024-11-13 23:00:00,Kenya,Eldoret,0.52036,35.269779,Online,MPesa,USD,Electronics,PRD-3264,3,109.5,0.112,9.32,2024-11-12,2024-11-19,False,4,NONE,False,391,Used promo code,7.0,False
TXN-300614,ORD-200614,CUST-100614,18.0,Female,2025-04-03,2025-12-13 03:00:00,Kenya,Nakuru,-0.303099,36.080025,In-Store,Bank Transfer,KES,Electronics,PRD-9742,3,11832.01,0.084,0.0,2025-12-10,2025-12-15,False,3,WELCOME10,False,325,Customer called support,5.0,False
TXN-300020,ORD-200020,CUST-100020,52.0,Female,2023-09-12,2024-05-19 06:00:00,Kenya,Mombasa,-4.043477,39.668206,Online,MPesa,KES,Clothing,PRD-7173,1,1649.96,0.163,741.81,2024-05-25,2024-05-29,True,3,WELCOME10,False,21,Delayed shipment,4.0,False
TXN-300700,ORD-200700,CUST-100700,19.0,Prefer not to say,2023-09-24,2024-07-07 17:00:00,Uganda,Kampala,0.347596,32.58252,Online,MPesa,KES,Groceries,PRD-2885,2,425.06,0.246,912.85,2024-07-01,2024-07-02,False,4,FLASH20,False,16,VIP customer,1.0,False
TXN-300071,ORD-200071,CUST-100071,54.0,Female,2022-03-31,2023-01-17 05:00:00,Ethiopia,Adama,8.5406,39.27,In-Store,PayPal,KES,Electronics,PRD-5175,2,16765.49,0.354,0.0,2023-01-15,2023-01-21,False,4,LOYAL5,False,217,No special notes,6.0,False
TXN-300106,ORD-200106,CUST-100106,37.0,Male,2023-07-14,2023-07-28 14:00:00,Kenya,Eldoret,0.52036,35.269779,Online,PayPal,KES,Groceries,PRD-9425,6,374.67,0.493,830.3,2023-07-26,2023-07-28,False,4,,False,20,First-time buyer,2.0,False
TXN-300270,ORD-200270,CUST-100270,36.0,Male,2023-04-06,2024-02-15 13:00:00,Kenya,Nakuru,-0.303099,36.080025,Online,MPesa,KES,Home,PRD-6047,2,2646.88,0.328,253.41,2024-02-12,2024-02-13,False,3,LOYAL5,False,38,Bulk purchase,1.0,False
TXN-300435,ORD-200435,CUST-100435,56.0,Female,2023-10-18,2024-08-13 16:00:00,Uganda,Kampala,0.347596,32.58252,Online,,KES,Health,PRD-1205,1,898.92,0.127,606.89,2024-08-10,2024-08-13,False,5,BUNDLE15,False,14,Customer called support,3.0,False
TXN-300102,ORD-200102,CUST-100102,21.0,Male,2023-10-19,2024-01-24 06:00:00,Uganda,Gulu,2.7746,32.2989,In-Store,Cash,USD,Home,PRD-6677,5,24.35,0.098,2.8,2024-02-02,2024-02-05,False,4,WELCOME10,False,146,Customer called support,3.0,False
